[{
    "model": "admin.logentry",
    "pk": 1,
    "fields": {
        "action_time": "2022-03-16T17:08:04.177Z",
        "user": 1,
        "content_type": 13,
        "object_id": "1",
        "object_repr": "Dublin",
        "action_flag": 1,
        "change_message": "[{\"added\": {}}]"
    }
}, {
    "model": "admin.logentry",
    "pk": 2,
    "fields": {
        "action_time": "2022-03-16T17:08:15.932Z",
        "user": 1,
        "content_type": 14,
        "object_id": "1",
        "object_repr": "Dublin 1",
        "action_flag": 1,
        "change_message": "[{\"added\": {}}]"
    }
}, {
    "model": "admin.logentry",
    "pk": 3,
    "fields": {
        "action_time": "2022-03-16T17:08:23.397Z",
        "user": 1,
        "content_type": 14,
        "object_id": "2",
        "object_repr": "Dublin 2",
        "action_flag": 1,
        "change_message": "[{\"added\": {}}]"
    }
}, {
    "model": "admin.logentry",
    "pk": 4,
    "fields": {
        "action_time": "2022-03-16T17:08:30.076Z",
        "user": 1,
        "content_type": 14,
        "object_id": "3",
        "object_repr": "Dublin 3",
        "action_flag": 1,
        "change_message": "[{\"added\": {}}]"
    }
}, {
    "model": "admin.logentry",
    "pk": 5,
    "fields": {
        "action_time": "2022-03-16T17:08:35.586Z",
        "user": 1,
        "content_type": 14,
        "object_id": "4",
        "object_repr": "Dublin 4",
        "action_flag": 1,
        "change_message": "[{\"added\": {}}]"
    }
}, {
    "model": "admin.logentry",
    "pk": 6,
    "fields": {
        "action_time": "2022-03-16T17:08:44.099Z",
        "user": 1,
        "content_type": 14,
        "object_id": "5",
        "object_repr": "Dublin 5",
        "action_flag": 1,
        "change_message": "[{\"added\": {}}]"
    }
}, {
    "model": "admin.logentry",
    "pk": 7,
    "fields": {
        "action_time": "2022-03-16T17:08:50.960Z",
        "user": 1,
        "content_type": 14,
        "object_id": "6",
        "object_repr": "Dublin 6",
        "action_flag": 1,
        "change_message": "[{\"added\": {}}]"
    }
}, {
    "model": "admin.logentry",
    "pk": 8,
    "fields": {
        "action_time": "2022-03-16T17:08:57.971Z",
        "user": 1,
        "content_type": 14,
        "object_id": "7",
        "object_repr": "Dublin 6W",
        "action_flag": 1,
        "change_message": "[{\"added\": {}}]"
    }
}, {
    "model": "admin.logentry",
    "pk": 9,
    "fields": {
        "action_time": "2022-03-16T17:09:04.288Z",
        "user": 1,
        "content_type": 14,
        "object_id": "8",
        "object_repr": "Dublin 7",
        "action_flag": 1,
        "change_message": "[{\"added\": {}}]"
    }
}, {
    "model": "admin.logentry",
    "pk": 10,
    "fields": {
        "action_time": "2022-03-16T17:09:10.906Z",
        "user": 1,
        "content_type": 14,
        "object_id": "9",
        "object_repr": "Dublin 8",
        "action_flag": 1,
        "change_message": "[{\"added\": {}}]"
    }
}, {
    "model": "admin.logentry",
    "pk": 11,
    "fields": {
        "action_time": "2022-03-16T17:09:18.847Z",
        "user": 1,
        "content_type": 14,
        "object_id": "10",
        "object_repr": "Dublin 9",
        "action_flag": 1,
        "change_message": "[{\"added\": {}}]"
    }
}, {
    "model": "admin.logentry",
    "pk": 12,
    "fields": {
        "action_time": "2022-03-16T17:09:35.266Z",
        "user": 1,
        "content_type": 14,
        "object_id": "11",
        "object_repr": "Dublin 10",
        "action_flag": 1,
        "change_message": "[{\"added\": {}}]"
    }
}, {
    "model": "admin.logentry",
    "pk": 13,
    "fields": {
        "action_time": "2022-03-16T17:09:40.978Z",
        "user": 1,
        "content_type": 14,
        "object_id": "12",
        "object_repr": "Dublin 11",
        "action_flag": 1,
        "change_message": "[{\"added\": {}}]"
    }
}, {
    "model": "admin.logentry",
    "pk": 14,
    "fields": {
        "action_time": "2022-03-16T17:09:47.107Z",
        "user": 1,
        "content_type": 14,
        "object_id": "13",
        "object_repr": "Dublin 12",
        "action_flag": 1,
        "change_message": "[{\"added\": {}}]"
    }
}, {
    "model": "admin.logentry",
    "pk": 15,
    "fields": {
        "action_time": "2022-03-16T17:09:54.453Z",
        "user": 1,
        "content_type": 14,
        "object_id": "14",
        "object_repr": "Dublin 13",
        "action_flag": 1,
        "change_message": "[{\"added\": {}}]"
    }
}, {
    "model": "admin.logentry",
    "pk": 16,
    "fields": {
        "action_time": "2022-03-16T17:10:01.330Z",
        "user": 1,
        "content_type": 14,
        "object_id": "15",
        "object_repr": "Dublin 14",
        "action_flag": 1,
        "change_message": "[{\"added\": {}}]"
    }
}, {
    "model": "admin.logentry",
    "pk": 17,
    "fields": {
        "action_time": "2022-03-16T17:10:08.805Z",
        "user": 1,
        "content_type": 14,
        "object_id": "16",
        "object_repr": "Dublin 15",
        "action_flag": 1,
        "change_message": "[{\"added\": {}}]"
    }
}, {
    "model": "admin.logentry",
    "pk": 18,
    "fields": {
        "action_time": "2022-03-16T17:10:15.959Z",
        "user": 1,
        "content_type": 14,
        "object_id": "17",
        "object_repr": "Dublin 16",
        "action_flag": 1,
        "change_message": "[{\"added\": {}}]"
    }
}, {
    "model": "admin.logentry",
    "pk": 19,
    "fields": {
        "action_time": "2022-03-16T17:10:55.526Z",
        "user": 1,
        "content_type": 14,
        "object_id": "18",
        "object_repr": "Dublin 17",
        "action_flag": 1,
        "change_message": "[{\"added\": {}}]"
    }
}, {
    "model": "admin.logentry",
    "pk": 20,
    "fields": {
        "action_time": "2022-03-16T17:11:10.964Z",
        "user": 1,
        "content_type": 14,
        "object_id": "19",
        "object_repr": "Dublin 18",
        "action_flag": 1,
        "change_message": "[{\"added\": {}}]"
    }
}, {
    "model": "admin.logentry",
    "pk": 21,
    "fields": {
        "action_time": "2022-03-16T17:11:17.283Z",
        "user": 1,
        "content_type": 14,
        "object_id": "20",
        "object_repr": "Dublin 20",
        "action_flag": 1,
        "change_message": "[{\"added\": {}}]"
    }
}, {
    "model": "admin.logentry",
    "pk": 22,
    "fields": {
        "action_time": "2022-03-16T17:11:29.704Z",
        "user": 1,
        "content_type": 14,
        "object_id": "21",
        "object_repr": "Dublin 22",
        "action_flag": 1,
        "change_message": "[{\"added\": {}}]"
    }
}, {
    "model": "admin.logentry",
    "pk": 23,
    "fields": {
        "action_time": "2022-03-16T17:11:36.868Z",
        "user": 1,
        "content_type": 14,
        "object_id": "22",
        "object_repr": "Dublin 24",
        "action_flag": 1,
        "change_message": "[{\"added\": {}}]"
    }
}, {
    "model": "admin.logentry",
    "pk": 24,
    "fields": {
        "action_time": "2022-03-16T17:11:54.903Z",
        "user": 1,
        "content_type": 15,
        "object_id": "1",
        "object_repr": "Sandyford",
        "action_flag": 1,
        "change_message": "[{\"added\": {}}]"
    }
}, {
    "model": "admin.logentry",
    "pk": 25,
    "fields": {
        "action_time": "2022-03-16T17:12:19.380Z",
        "user": 1,
        "content_type": 15,
        "object_id": "2",
        "object_repr": "Booterstown",
        "action_flag": 1,
        "change_message": "[{\"added\": {}}]"
    }
}, {
    "model": "admin.logentry",
    "pk": 26,
    "fields": {
        "action_time": "2022-03-16T17:13:29.527Z",
        "user": 1,
        "content_type": 14,
        "object_id": "23",
        "object_repr": "Co.Dublin",
        "action_flag": 1,
        "change_message": "[{\"added\": {}}]"
    }
}, {
    "model": "admin.logentry",
    "pk": 27,
    "fields": {
        "action_time": "2022-03-16T17:13:32.053Z",
        "user": 1,
        "content_type": 15,
        "object_id": "3",
        "object_repr": "Swords",
        "action_flag": 1,
        "change_message": "[{\"added\": {}}]"
    }
}, {
    "model": "admin.logentry",
    "pk": 28,
    "fields": {
        "action_time": "2022-03-16T17:14:11.170Z",
        "user": 1,
        "content_type": 15,
        "object_id": "4",
        "object_repr": "Dublin Docklands",
        "action_flag": 1,
        "change_message": "[{\"added\": {}}]"
    }
}, {
    "model": "admin.logentry",
    "pk": 29,
    "fields": {
        "action_time": "2022-03-16T17:14:54.253Z",
        "user": 1,
        "content_type": 15,
        "object_id": "5",
        "object_repr": "Adamstown",
        "action_flag": 1,
        "change_message": "[{\"added\": {}}]"
    }
}, {
    "model": "admin.logentry",
    "pk": 30,
    "fields": {
        "action_time": "2022-03-16T17:15:09.754Z",
        "user": 1,
        "content_type": 17,
        "object_id": "1",
        "object_repr": "Monday",
        "action_flag": 1,
        "change_message": "[{\"added\": {}}]"
    }
}, {
    "model": "admin.logentry",
    "pk": 31,
    "fields": {
        "action_time": "2022-03-16T17:15:16.730Z",
        "user": 1,
        "content_type": 17,
        "object_id": "2",
        "object_repr": "Tuesday",
        "action_flag": 1,
        "change_message": "[{\"added\": {}}]"
    }
}, {
    "model": "admin.logentry",
    "pk": 32,
    "fields": {
        "action_time": "2022-03-16T17:15:28.249Z",
        "user": 1,
        "content_type": 17,
        "object_id": "3",
        "object_repr": "Wednesday",
        "action_flag": 1,
        "change_message": "[{\"added\": {}}]"
    }
}, {
    "model": "admin.logentry",
    "pk": 33,
    "fields": {
        "action_time": "2022-03-16T17:15:31.641Z",
        "user": 1,
        "content_type": 17,
        "object_id": "4",
        "object_repr": "Thursday",
        "action_flag": 1,
        "change_message": "[{\"added\": {}}]"
    }
}, {
    "model": "admin.logentry",
    "pk": 34,
    "fields": {
        "action_time": "2022-03-16T17:15:37.518Z",
        "user": 1,
        "content_type": 17,
        "object_id": "5",
        "object_repr": "Fr",
        "action_flag": 1,
        "change_message": "[{\"added\": {}}]"
    }
}, {
    "model": "admin.logentry",
    "pk": 35,
    "fields": {
        "action_time": "2022-03-16T17:15:42.818Z",
        "user": 1,
        "content_type": 17,
        "object_id": "5",
        "object_repr": "Friday",
        "action_flag": 2,
        "change_message": "[{\"changed\": {\"fields\": [\"Day of viewing\"]}}]"
    }
}, {
    "model": "admin.logentry",
    "pk": 36,
    "fields": {
        "action_time": "2022-03-16T17:15:46.392Z",
        "user": 1,
        "content_type": 17,
        "object_id": "6",
        "object_repr": "Saturday",
        "action_flag": 1,
        "change_message": "[{\"added\": {}}]"
    }
}, {
    "model": "admin.logentry",
    "pk": 37,
    "fields": {
        "action_time": "2022-03-16T17:15:50.407Z",
        "user": 1,
        "content_type": 17,
        "object_id": "7",
        "object_repr": "Sunday",
        "action_flag": 1,
        "change_message": "[{\"added\": {}}]"
    }
}, {
    "model": "admin.logentry",
    "pk": 38,
    "fields": {
        "action_time": "2022-03-16T17:16:01.957Z",
        "user": 1,
        "content_type": 18,
        "object_id": "1",
        "object_repr": "09:00:00",
        "action_flag": 1,
        "change_message": "[{\"added\": {}}]"
    }
}, {
    "model": "admin.logentry",
    "pk": 39,
    "fields": {
        "action_time": "2022-03-16T17:16:12.083Z",
        "user": 1,
        "content_type": 18,
        "object_id": "2",
        "object_repr": "09:30:00",
        "action_flag": 1,
        "change_message": "[{\"added\": {}}]"
    }
}, {
    "model": "admin.logentry",
    "pk": 40,
    "fields": {
        "action_time": "2022-03-16T17:16:19.093Z",
        "user": 1,
        "content_type": 18,
        "object_id": "3",
        "object_repr": "10:00:00",
        "action_flag": 1,
        "change_message": "[{\"added\": {}}]"
    }
}, {
    "model": "admin.logentry",
    "pk": 41,
    "fields": {
        "action_time": "2022-03-16T17:16:27.401Z",
        "user": 1,
        "content_type": 18,
        "object_id": "4",
        "object_repr": "10:30:00",
        "action_flag": 1,
        "change_message": "[{\"added\": {}}]"
    }
}, {
    "model": "admin.logentry",
    "pk": 42,
    "fields": {
        "action_time": "2022-03-16T17:16:32.841Z",
        "user": 1,
        "content_type": 18,
        "object_id": "5",
        "object_repr": "11:00:00",
        "action_flag": 1,
        "change_message": "[{\"added\": {}}]"
    }
}, {
    "model": "admin.logentry",
    "pk": 43,
    "fields": {
        "action_time": "2022-03-16T17:16:43.857Z",
        "user": 1,
        "content_type": 18,
        "object_id": "6",
        "object_repr": "11:30:00",
        "action_flag": 1,
        "change_message": "[{\"added\": {}}]"
    }
}, {
    "model": "admin.logentry",
    "pk": 44,
    "fields": {
        "action_time": "2022-03-16T17:16:49.804Z",
        "user": 1,
        "content_type": 18,
        "object_id": "7",
        "object_repr": "12:00:00",
        "action_flag": 1,
        "change_message": "[{\"added\": {}}]"
    }
}, {
    "model": "admin.logentry",
    "pk": 45,
    "fields": {
        "action_time": "2022-03-16T17:16:55.612Z",
        "user": 1,
        "content_type": 18,
        "object_id": "8",
        "object_repr": "12:30:00",
        "action_flag": 1,
        "change_message": "[{\"added\": {}}]"
    }
}, {
    "model": "admin.logentry",
    "pk": 46,
    "fields": {
        "action_time": "2022-03-16T17:17:03.848Z",
        "user": 1,
        "content_type": 18,
        "object_id": "9",
        "object_repr": "14:00:00",
        "action_flag": 1,
        "change_message": "[{\"added\": {}}]"
    }
}, {
    "model": "admin.logentry",
    "pk": 47,
    "fields": {
        "action_time": "2022-03-16T17:17:09.788Z",
        "user": 1,
        "content_type": 18,
        "object_id": "10",
        "object_repr": "14:30:00",
        "action_flag": 1,
        "change_message": "[{\"added\": {}}]"
    }
}, {
    "model": "admin.logentry",
    "pk": 48,
    "fields": {
        "action_time": "2022-03-16T17:17:14.702Z",
        "user": 1,
        "content_type": 18,
        "object_id": "11",
        "object_repr": "15:00:00",
        "action_flag": 1,
        "change_message": "[{\"added\": {}}]"
    }
}, {
    "model": "admin.logentry",
    "pk": 49,
    "fields": {
        "action_time": "2022-03-16T17:17:19.676Z",
        "user": 1,
        "content_type": 18,
        "object_id": "12",
        "object_repr": "15:30:00",
        "action_flag": 1,
        "change_message": "[{\"added\": {}}]"
    }
}, {
    "model": "admin.logentry",
    "pk": 50,
    "fields": {
        "action_time": "2022-03-16T17:17:24.797Z",
        "user": 1,
        "content_type": 18,
        "object_id": "13",
        "object_repr": "16:00:00",
        "action_flag": 1,
        "change_message": "[{\"added\": {}}]"
    }
}, {
    "model": "admin.logentry",
    "pk": 51,
    "fields": {
        "action_time": "2022-03-16T17:17:29.802Z",
        "user": 1,
        "content_type": 18,
        "object_id": "14",
        "object_repr": "16:30:00",
        "action_flag": 1,
        "change_message": "[{\"added\": {}}]"
    }
}, {
    "model": "admin.logentry",
    "pk": 52,
    "fields": {
        "action_time": "2022-03-16T17:17:34.264Z",
        "user": 1,
        "content_type": 18,
        "object_id": "15",
        "object_repr": "17:00:00",
        "action_flag": 1,
        "change_message": "[{\"added\": {}}]"
    }
}, {
    "model": "admin.logentry",
    "pk": 53,
    "fields": {
        "action_time": "2022-03-16T17:17:39.241Z",
        "user": 1,
        "content_type": 18,
        "object_id": "16",
        "object_repr": "17:30:00",
        "action_flag": 1,
        "change_message": "[{\"added\": {}}]"
    }
}, {
    "model": "admin.logentry",
    "pk": 54,
    "fields": {
        "action_time": "2022-03-16T17:17:44.058Z",
        "user": 1,
        "content_type": 18,
        "object_id": "17",
        "object_repr": "18:00:00",
        "action_flag": 1,
        "change_message": "[{\"added\": {}}]"
    }
}, {
    "model": "admin.logentry",
    "pk": 55,
    "fields": {
        "action_time": "2022-03-16T17:17:49.770Z",
        "user": 1,
        "content_type": 18,
        "object_id": "18",
        "object_repr": "18:30:00",
        "action_flag": 1,
        "change_message": "[{\"added\": {}}]"
    }
}, {
    "model": "admin.logentry",
    "pk": 56,
    "fields": {
        "action_time": "2022-03-16T17:19:25.270Z",
        "user": 1,
        "content_type": 16,
        "object_id": "1",
        "object_repr": "Abbey View, Sandyford",
        "action_flag": 1,
        "change_message": "[{\"added\": {}}]"
    }
}, {
    "model": "admin.logentry",
    "pk": 57,
    "fields": {
        "action_time": "2022-03-16T17:20:37.386Z",
        "user": 1,
        "content_type": 16,
        "object_id": "2",
        "object_repr": "Ivy House, Booterstown",
        "action_flag": 1,
        "change_message": "[{\"added\": {}}]"
    }
}, {
    "model": "admin.logentry",
    "pk": 58,
    "fields": {
        "action_time": "2022-03-16T17:21:40.340Z",
        "user": 1,
        "content_type": 16,
        "object_id": "3",
        "object_repr": "Quayside Quarter, Swords",
        "action_flag": 1,
        "change_message": "[{\"added\": {}}]"
    }
}, {
    "model": "admin.logentry",
    "pk": 59,
    "fields": {
        "action_time": "2022-03-16T17:22:45.185Z",
        "user": 1,
        "content_type": 16,
        "object_id": "4",
        "object_repr": "North Wall Quay, Dublin 1",
        "action_flag": 1,
        "change_message": "[{\"added\": {}}]"
    }
}, {
    "model": "admin.logentry",
    "pk": 60,
    "fields": {
        "action_time": "2022-03-16T17:24:29.149Z",
        "user": 1,
        "content_type": 16,
        "object_id": "5",
        "object_repr": "Adamstown, Lucan",
        "action_flag": 1,
        "change_message": "[{\"added\": {}}]"
    }
}, {
    "model": "admin.logentry",
    "pk": 61,
    "fields": {
        "action_time": "2022-03-16T18:35:13.384Z",
        "user": 1,
        "content_type": 15,
        "object_id": "6",
        "object_repr": "Blanchardstown",
        "action_flag": 1,
        "change_message": "[{\"added\": {}}]"
    }
}, {
    "model": "admin.logentry",
    "pk": 62,
    "fields": {
        "action_time": "2022-03-16T18:35:35.685Z",
        "user": 1,
        "content_type": 15,
        "object_id": "7",
        "object_repr": "Castleknock",
        "action_flag": 1,
        "change_message": "[{\"added\": {}}]"
    }
}, {
    "model": "admin.logentry",
    "pk": 63,
    "fields": {
        "action_time": "2022-03-16T18:35:56.182Z",
        "user": 1,
        "content_type": 15,
        "object_id": "8",
        "object_repr": "Clonee",
        "action_flag": 1,
        "change_message": "[{\"added\": {}}]"
    }
}, {
    "model": "admin.logentry",
    "pk": 64,
    "fields": {
        "action_time": "2022-03-16T18:36:09.644Z",
        "user": 1,
        "content_type": 15,
        "object_id": "9",
        "object_repr": "Clonsilla",
        "action_flag": 1,
        "change_message": "[{\"added\": {}}]"
    }
}, {
    "model": "admin.logentry",
    "pk": 65,
    "fields": {
        "action_time": "2022-03-16T18:36:25.301Z",
        "user": 1,
        "content_type": 15,
        "object_id": "10",
        "object_repr": "Finglas",
        "action_flag": 1,
        "change_message": "[{\"added\": {}}]"
    }
}, {
    "model": "admin.logentry",
    "pk": 66,
    "fields": {
        "action_time": "2022-03-16T18:36:35.878Z",
        "user": 1,
        "content_type": 15,
        "object_id": "11",
        "object_repr": "Jamestown",
        "action_flag": 1,
        "change_message": "[{\"added\": {}}]"
    }
}, {
    "model": "admin.logentry",
    "pk": 67,
    "fields": {
        "action_time": "2022-03-16T18:36:46.651Z",
        "user": 1,
        "content_type": 15,
        "object_id": "12",
        "object_repr": "Cabra",
        "action_flag": 1,
        "change_message": "[{\"added\": {}}]"
    }
}, {
    "model": "admin.logentry",
    "pk": 68,
    "fields": {
        "action_time": "2022-03-16T18:37:13.507Z",
        "user": 1,
        "content_type": 15,
        "object_id": "13",
        "object_repr": "Phibsborough",
        "action_flag": 1,
        "change_message": "[{\"added\": {}}]"
    }
}, {
    "model": "admin.logentry",
    "pk": 69,
    "fields": {
        "action_time": "2022-03-16T18:37:24.864Z",
        "user": 1,
        "content_type": 15,
        "object_id": "14",
        "object_repr": "Four Courts",
        "action_flag": 1,
        "change_message": "[{\"added\": {}}]"
    }
}, {
    "model": "admin.logentry",
    "pk": 70,
    "fields": {
        "action_time": "2022-03-16T18:37:32.112Z",
        "user": 1,
        "content_type": 15,
        "object_id": "15",
        "object_repr": "Arbour Hill",
        "action_flag": 1,
        "change_message": "[{\"added\": {}}]"
    }
}, {
    "model": "admin.logentry",
    "pk": 71,
    "fields": {
        "action_time": "2022-03-16T18:37:46.116Z",
        "user": 1,
        "content_type": 15,
        "object_id": "16",
        "object_repr": "Beaumont",
        "action_flag": 1,
        "change_message": "[{\"added\": {}}]"
    }
}, {
    "model": "admin.logentry",
    "pk": 72,
    "fields": {
        "action_time": "2022-03-16T18:37:53.428Z",
        "user": 1,
        "content_type": 15,
        "object_id": "17",
        "object_repr": "Drumcondra",
        "action_flag": 1,
        "change_message": "[{\"added\": {}}]"
    }
}, {
    "model": "admin.logentry",
    "pk": 73,
    "fields": {
        "action_time": "2022-03-16T18:38:02.759Z",
        "user": 1,
        "content_type": 15,
        "object_id": "18",
        "object_repr": "Griffith Ave",
        "action_flag": 1,
        "change_message": "[{\"added\": {}}]"
    }
}, {
    "model": "admin.logentry",
    "pk": 74,
    "fields": {
        "action_time": "2022-03-16T18:38:12.063Z",
        "user": 1,
        "content_type": 15,
        "object_id": "19",
        "object_repr": "Santry",
        "action_flag": 1,
        "change_message": "[{\"added\": {}}]"
    }
}, {
    "model": "admin.logentry",
    "pk": 75,
    "fields": {
        "action_time": "2022-03-16T18:38:20.699Z",
        "user": 1,
        "content_type": 15,
        "object_id": "20",
        "object_repr": "Whitehall",
        "action_flag": 1,
        "change_message": "[{\"added\": {}}]"
    }
}, {
    "model": "admin.logentry",
    "pk": 76,
    "fields": {
        "action_time": "2022-03-16T18:38:34.927Z",
        "user": 1,
        "content_type": 15,
        "object_id": "21",
        "object_repr": "Howth",
        "action_flag": 1,
        "change_message": "[{\"added\": {}}]"
    }
}, {
    "model": "admin.logentry",
    "pk": 77,
    "fields": {
        "action_time": "2022-03-16T18:38:48.767Z",
        "user": 1,
        "content_type": 15,
        "object_id": "22",
        "object_repr": "Sutton",
        "action_flag": 1,
        "change_message": "[{\"added\": {}}]"
    }
}, {
    "model": "admin.logentry",
    "pk": 78,
    "fields": {
        "action_time": "2022-03-16T18:38:57.706Z",
        "user": 1,
        "content_type": 15,
        "object_id": "23",
        "object_repr": "Bayside",
        "action_flag": 1,
        "change_message": "[{\"added\": {}}]"
    }
}, {
    "model": "admin.logentry",
    "pk": 79,
    "fields": {
        "action_time": "2022-03-16T18:39:20.151Z",
        "user": 1,
        "content_type": 15,
        "object_id": "24",
        "object_repr": "Fairview",
        "action_flag": 1,
        "change_message": "[{\"added\": {}}]"
    }
}, {
    "model": "admin.logentry",
    "pk": 80,
    "fields": {
        "action_time": "2022-03-16T18:39:29.679Z",
        "user": 1,
        "content_type": 15,
        "object_id": "25",
        "object_repr": "East Wall",
        "action_flag": 1,
        "change_message": "[{\"added\": {}}]"
    }
}, {
    "model": "admin.logentry",
    "pk": 81,
    "fields": {
        "action_time": "2022-03-16T18:39:40.405Z",
        "user": 1,
        "content_type": 15,
        "object_id": "26",
        "object_repr": "Clontarf",
        "action_flag": 1,
        "change_message": "[{\"added\": {}}]"
    }
}, {
    "model": "admin.logentry",
    "pk": 82,
    "fields": {
        "action_time": "2022-03-16T18:39:52.469Z",
        "user": 1,
        "content_type": 15,
        "object_id": "27",
        "object_repr": "Marino",
        "action_flag": 1,
        "change_message": "[{\"added\": {}}]"
    }
}, {
    "model": "admin.logentry",
    "pk": 83,
    "fields": {
        "action_time": "2022-03-16T18:39:59.411Z",
        "user": 1,
        "content_type": 15,
        "object_id": "28",
        "object_repr": "Abbey St",
        "action_flag": 1,
        "change_message": "[{\"added\": {}}]"
    }
}, {
    "model": "admin.logentry",
    "pk": 84,
    "fields": {
        "action_time": "2022-03-16T18:40:07.461Z",
        "user": 1,
        "content_type": 15,
        "object_id": "29",
        "object_repr": "Capel St",
        "action_flag": 1,
        "change_message": "[{\"added\": {}}]"
    }
}, {
    "model": "admin.logentry",
    "pk": 85,
    "fields": {
        "action_time": "2022-03-16T18:40:14.706Z",
        "user": 1,
        "content_type": 15,
        "object_id": "30",
        "object_repr": "Dorset St",
        "action_flag": 1,
        "change_message": "[{\"added\": {}}]"
    }
}, {
    "model": "admin.logentry",
    "pk": 86,
    "fields": {
        "action_time": "2022-03-16T18:40:24.776Z",
        "user": 1,
        "content_type": 15,
        "object_id": "31",
        "object_repr": "Henry St.",
        "action_flag": 1,
        "change_message": "[{\"added\": {}}]"
    }
}, {
    "model": "admin.logentry",
    "pk": 87,
    "fields": {
        "action_time": "2022-03-16T18:40:29.722Z",
        "user": 1,
        "content_type": 15,
        "object_id": "30",
        "object_repr": "Dorset St.",
        "action_flag": 2,
        "change_message": "[{\"changed\": {\"fields\": [\"Name\"]}}]"
    }
}, {
    "model": "admin.logentry",
    "pk": 88,
    "fields": {
        "action_time": "2022-03-16T18:40:34.133Z",
        "user": 1,
        "content_type": 15,
        "object_id": "29",
        "object_repr": "Capel St.",
        "action_flag": 2,
        "change_message": "[{\"changed\": {\"fields\": [\"Name\"]}}]"
    }
}, {
    "model": "admin.logentry",
    "pk": 89,
    "fields": {
        "action_time": "2022-03-16T18:40:39.036Z",
        "user": 1,
        "content_type": 15,
        "object_id": "28",
        "object_repr": "Abbey St.",
        "action_flag": 2,
        "change_message": "[{\"changed\": {\"fields\": [\"Name\"]}}]"
    }
}, {
    "model": "admin.logentry",
    "pk": 90,
    "fields": {
        "action_time": "2022-03-16T18:40:50.780Z",
        "user": 1,
        "content_type": 15,
        "object_id": "32",
        "object_repr": "O'Connell St.",
        "action_flag": 1,
        "change_message": "[{\"added\": {}}]"
    }
}, {
    "model": "admin.logentry",
    "pk": 91,
    "fields": {
        "action_time": "2022-03-16T18:40:57.180Z",
        "user": 1,
        "content_type": 15,
        "object_id": "33",
        "object_repr": "Parnell Sq.",
        "action_flag": 1,
        "change_message": "[{\"added\": {}}]"
    }
}, {
    "model": "admin.logentry",
    "pk": 92,
    "fields": {
        "action_time": "2022-03-16T18:41:05.272Z",
        "user": 1,
        "content_type": 15,
        "object_id": "34",
        "object_repr": "Talbot St.",
        "action_flag": 1,
        "change_message": "[{\"added\": {}}]"
    }
}, {
    "model": "admin.logentry",
    "pk": 93,
    "fields": {
        "action_time": "2022-03-16T18:41:14.610Z",
        "user": 1,
        "content_type": 15,
        "object_id": "35",
        "object_repr": "Summerhill",
        "action_flag": 1,
        "change_message": "[{\"added\": {}}]"
    }
}, {
    "model": "admin.logentry",
    "pk": 94,
    "fields": {
        "action_time": "2022-03-16T18:41:50.490Z",
        "user": 1,
        "content_type": 15,
        "object_id": "36",
        "object_repr": "Dolphins Barn",
        "action_flag": 1,
        "change_message": "[{\"added\": {}}]"
    }
}, {
    "model": "admin.logentry",
    "pk": 95,
    "fields": {
        "action_time": "2022-03-16T18:41:59.325Z",
        "user": 1,
        "content_type": 15,
        "object_id": "37",
        "object_repr": "Inchicore",
        "action_flag": 1,
        "change_message": "[{\"added\": {}}]"
    }
}, {
    "model": "admin.logentry",
    "pk": 96,
    "fields": {
        "action_time": "2022-03-16T18:42:09.344Z",
        "user": 1,
        "content_type": 15,
        "object_id": "38",
        "object_repr": "Kilmainham",
        "action_flag": 1,
        "change_message": "[{\"added\": {}}]"
    }
}, {
    "model": "admin.logentry",
    "pk": 97,
    "fields": {
        "action_time": "2022-03-16T18:42:17.140Z",
        "user": 1,
        "content_type": 15,
        "object_id": "39",
        "object_repr": "Portobello",
        "action_flag": 1,
        "change_message": "[{\"added\": {}}]"
    }
}, {
    "model": "admin.logentry",
    "pk": 98,
    "fields": {
        "action_time": "2022-03-16T18:42:25.458Z",
        "user": 1,
        "content_type": 15,
        "object_id": "40",
        "object_repr": "Cork St.",
        "action_flag": 1,
        "change_message": "[{\"added\": {}}]"
    }
}, {
    "model": "admin.logentry",
    "pk": 99,
    "fields": {
        "action_time": "2022-03-16T18:42:34.948Z",
        "user": 1,
        "content_type": 15,
        "object_id": "41",
        "object_repr": "Ballsbridge",
        "action_flag": 1,
        "change_message": "[{\"added\": {}}]"
    }
}, {
    "model": "admin.logentry",
    "pk": 100,
    "fields": {
        "action_time": "2022-03-16T18:42:43.061Z",
        "user": 1,
        "content_type": 15,
        "object_id": "42",
        "object_repr": "Donnybrook",
        "action_flag": 1,
        "change_message": "[{\"added\": {}}]"
    }
}, {
    "model": "admin.logentry",
    "pk": 101,
    "fields": {
        "action_time": "2022-03-16T18:42:54.512Z",
        "user": 1,
        "content_type": 15,
        "object_id": "43",
        "object_repr": "Merrion",
        "action_flag": 1,
        "change_message": "[{\"added\": {}}]"
    }
}, {
    "model": "admin.logentry",
    "pk": 102,
    "fields": {
        "action_time": "2022-03-16T18:43:02.452Z",
        "user": 1,
        "content_type": 15,
        "object_id": "44",
        "object_repr": "Pembroke",
        "action_flag": 1,
        "change_message": "[{\"added\": {}}]"
    }
}, {
    "model": "admin.logentry",
    "pk": 103,
    "fields": {
        "action_time": "2022-03-16T18:43:14.993Z",
        "user": 1,
        "content_type": 15,
        "object_id": "45",
        "object_repr": "Sandymount",
        "action_flag": 1,
        "change_message": "[{\"added\": {}}]"
    }
}, {
    "model": "admin.logentry",
    "pk": 104,
    "fields": {
        "action_time": "2022-03-16T18:43:28.275Z",
        "user": 1,
        "content_type": 15,
        "object_id": "46",
        "object_repr": "Baggot St.",
        "action_flag": 1,
        "change_message": "[{\"added\": {}}]"
    }
}, {
    "model": "admin.logentry",
    "pk": 105,
    "fields": {
        "action_time": "2022-03-16T18:43:58.595Z",
        "user": 1,
        "content_type": 15,
        "object_id": "47",
        "object_repr": "Ranelagh",
        "action_flag": 1,
        "change_message": "[{\"added\": {}}]"
    }
}, {
    "model": "admin.logentry",
    "pk": 106,
    "fields": {
        "action_time": "2022-03-16T18:44:20.837Z",
        "user": 1,
        "content_type": 15,
        "object_id": "48",
        "object_repr": "Rathmines",
        "action_flag": 1,
        "change_message": "[{\"added\": {}}]"
    }
}, {
    "model": "admin.logentry",
    "pk": 107,
    "fields": {
        "action_time": "2022-03-23T18:05:59.728Z",
        "user": 1,
        "content_type": 20,
        "object_id": "1",
        "object_repr": "Image object (1)",
        "action_flag": 1,
        "change_message": "[{\"added\": {}}]"
    }
}, {
    "model": "admin.logentry",
    "pk": 108,
    "fields": {
        "action_time": "2022-03-23T18:06:05.695Z",
        "user": 1,
        "content_type": 16,
        "object_id": "5",
        "object_repr": "Adamstown, Lucan",
        "action_flag": 2,
        "change_message": "[{\"changed\": {\"fields\": [\"Image\"]}}]"
    }
}, {
    "model": "admin.logentry",
    "pk": 109,
    "fields": {
        "action_time": "2022-03-23T18:09:51.641Z",
        "user": 1,
        "content_type": 20,
        "object_id": "2",
        "object_repr": "http://res.cloudinary.com/emidio-cloud/image/upload/v1648058991/sqvwpgs7ucgvkrzb4jl0.jpg",
        "action_flag": 1,
        "change_message": "[{\"added\": {}}]"
    }
}, {
    "model": "admin.logentry",
    "pk": 110,
    "fields": {
        "action_time": "2022-03-23T18:09:54.139Z",
        "user": 1,
        "content_type": 16,
        "object_id": "5",
        "object_repr": "Adamstown, Lucan",
        "action_flag": 2,
        "change_message": "[{\"changed\": {\"fields\": [\"Image\"]}}]"
    }
}, {
    "model": "admin.logentry",
    "pk": 111,
    "fields": {
        "action_time": "2022-03-23T18:10:38.066Z",
        "user": 1,
        "content_type": 20,
        "object_id": "1",
        "object_repr": "http://res.cloudinary.com/emidio-cloud/image/upload/v1648058759/qxp69upljhd67s4d7fip.jpg",
        "action_flag": 3,
        "change_message": ""
    }
}, {
    "model": "admin.logentry",
    "pk": 112,
    "fields": {
        "action_time": "2022-03-23T18:11:05.941Z",
        "user": 1,
        "content_type": 20,
        "object_id": "2",
        "object_repr": "http://res.cloudinary.com/emidio-cloud/image/upload/v1648058991/sqvwpgs7ucgvkrzb4jl0.jpg",
        "action_flag": 3,
        "change_message": ""
    }
}, {
    "model": "admin.logentry",
    "pk": 113,
    "fields": {
        "action_time": "2022-03-23T18:11:35.061Z",
        "user": 1,
        "content_type": 20,
        "object_id": "3",
        "object_repr": "http://res.cloudinary.com/emidio-cloud/image/upload/v1648059094/izj8ftnj7nudynaaq7vj.jpg",
        "action_flag": 1,
        "change_message": "[{\"added\": {}}]"
    }
}, {
    "model": "admin.logentry",
    "pk": 114,
    "fields": {
        "action_time": "2022-03-23T18:11:38.070Z",
        "user": 1,
        "content_type": 16,
        "object_id": "5",
        "object_repr": "Adamstown, Lucan",
        "action_flag": 2,
        "change_message": "[{\"changed\": {\"fields\": [\"Image\"]}}]"
    }
}, {
    "model": "admin.logentry",
    "pk": 115,
    "fields": {
        "action_time": "2022-03-23T18:11:54.313Z",
        "user": 1,
        "content_type": 20,
        "object_id": "4",
        "object_repr": "http://res.cloudinary.com/emidio-cloud/image/upload/v1648059113/gpwzo7qlh3cuajijtffd.jpg",
        "action_flag": 1,
        "change_message": "[{\"added\": {}}]"
    }
}, {
    "model": "admin.logentry",
    "pk": 116,
    "fields": {
        "action_time": "2022-03-23T18:11:56.791Z",
        "user": 1,
        "content_type": 16,
        "object_id": "4",
        "object_repr": "North Wall Quay, Dublin 1",
        "action_flag": 2,
        "change_message": "[{\"changed\": {\"fields\": [\"Image\"]}}]"
    }
}, {
    "model": "admin.logentry",
    "pk": 117,
    "fields": {
        "action_time": "2022-03-23T18:12:15.723Z",
        "user": 1,
        "content_type": 20,
        "object_id": "5",
        "object_repr": "http://res.cloudinary.com/emidio-cloud/image/upload/v1648059135/h9t7evp78vv3vy0kzqoo.jpg",
        "action_flag": 1,
        "change_message": "[{\"added\": {}}]"
    }
}, {
    "model": "admin.logentry",
    "pk": 118,
    "fields": {
        "action_time": "2022-03-23T18:12:20.485Z",
        "user": 1,
        "content_type": 16,
        "object_id": "3",
        "object_repr": "Quayside Quarter, Swords",
        "action_flag": 2,
        "change_message": "[{\"changed\": {\"fields\": [\"Image\"]}}]"
    }
}, {
    "model": "admin.logentry",
    "pk": 119,
    "fields": {
        "action_time": "2022-03-23T18:12:42.781Z",
        "user": 1,
        "content_type": 20,
        "object_id": "6",
        "object_repr": "http://res.cloudinary.com/emidio-cloud/image/upload/v1648059162/s50m6xggr7g4cfvqnzj6.jpg",
        "action_flag": 1,
        "change_message": "[{\"added\": {}}]"
    }
}, {
    "model": "admin.logentry",
    "pk": 120,
    "fields": {
        "action_time": "2022-03-23T18:12:44.942Z",
        "user": 1,
        "content_type": 16,
        "object_id": "2",
        "object_repr": "Ivy House, Booterstown",
        "action_flag": 2,
        "change_message": "[{\"changed\": {\"fields\": [\"Image\"]}}]"
    }
}, {
    "model": "admin.logentry",
    "pk": 121,
    "fields": {
        "action_time": "2022-03-23T18:12:57.754Z",
        "user": 1,
        "content_type": 20,
        "object_id": "7",
        "object_repr": "http://res.cloudinary.com/emidio-cloud/image/upload/v1648059177/mfc4kfykiy9m2u7cmfnc.jpg",
        "action_flag": 1,
        "change_message": "[{\"added\": {}}]"
    }
}, {
    "model": "admin.logentry",
    "pk": 122,
    "fields": {
        "action_time": "2022-03-23T18:13:40.236Z",
        "user": 1,
        "content_type": 16,
        "object_id": "1",
        "object_repr": "Abbey View, Sandyford",
        "action_flag": 2,
        "change_message": "[{\"changed\": {\"fields\": [\"Image\"]}}]"
    }
}, {
    "model": "admin.logentry",
    "pk": 123,
    "fields": {
        "action_time": "2022-03-23T18:13:51.523Z",
        "user": 1,
        "content_type": 16,
        "object_id": "5",
        "object_repr": "Adamstown, Lucan",
        "action_flag": 2,
        "change_message": "[{\"changed\": {\"fields\": [\"Image\"]}}]"
    }
}, {
    "model": "admin.logentry",
    "pk": 124,
    "fields": {
        "action_time": "2022-03-24T15:25:41.358Z",
        "user": 1,
        "content_type": 16,
        "object_id": "5",
        "object_repr": "Adamstown, Lucan",
        "action_flag": 2,
        "change_message": "[{\"changed\": {\"fields\": [\"Image\"]}}]"
    }
}, {
    "model": "admin.logentry",
    "pk": 125,
    "fields": {
        "action_time": "2022-03-24T15:29:33.244Z",
        "user": 1,
        "content_type": 16,
        "object_id": "4",
        "object_repr": "North Wall Quay, Dublin 1",
        "action_flag": 2,
        "change_message": "[]"
    }
}, {
    "model": "admin.logentry",
    "pk": 126,
    "fields": {
        "action_time": "2022-03-24T15:30:40.120Z",
        "user": 1,
        "content_type": 16,
        "object_id": "4",
        "object_repr": "North Wall Quay, Dublin 1",
        "action_flag": 2,
        "change_message": "[{\"changed\": {\"fields\": [\"Image\"]}}]"
    }
}, {
    "model": "admin.logentry",
    "pk": 127,
    "fields": {
        "action_time": "2022-03-24T15:30:45.388Z",
        "user": 1,
        "content_type": 16,
        "object_id": "3",
        "object_repr": "Quayside Quarter, Swords",
        "action_flag": 2,
        "change_message": "[{\"changed\": {\"fields\": [\"Image\"]}}]"
    }
}, {
    "model": "admin.logentry",
    "pk": 128,
    "fields": {
        "action_time": "2022-03-24T15:30:53.243Z",
        "user": 1,
        "content_type": 16,
        "object_id": "2",
        "object_repr": "Ivy House, Booterstown",
        "action_flag": 2,
        "change_message": "[{\"changed\": {\"fields\": [\"Image\"]}}]"
    }
}, {
    "model": "admin.logentry",
    "pk": 129,
    "fields": {
        "action_time": "2022-03-24T15:30:58.130Z",
        "user": 1,
        "content_type": 16,
        "object_id": "1",
        "object_repr": "Abbey View, Sandyford",
        "action_flag": 2,
        "change_message": "[{\"changed\": {\"fields\": [\"Image\"]}}]"
    }
}, {
    "model": "admin.logentry",
    "pk": 130,
    "fields": {
        "action_time": "2022-03-24T15:33:12.672Z",
        "user": 1,
        "content_type": 16,
        "object_id": "1",
        "object_repr": "Abbey View, Sandyford",
        "action_flag": 2,
        "change_message": "[{\"changed\": {\"fields\": [\"Image\"]}}]"
    }
}, {
    "model": "admin.logentry",
    "pk": 131,
    "fields": {
        "action_time": "2022-03-24T15:35:47.885Z",
        "user": 1,
        "content_type": 16,
        "object_id": "2",
        "object_repr": "Ivy House, Booterstown",
        "action_flag": 2,
        "change_message": "[]"
    }
}, {
    "model": "admin.logentry",
    "pk": 132,
    "fields": {
        "action_time": "2022-03-24T15:49:26.226Z",
        "user": 1,
        "content_type": 20,
        "object_id": "8",
        "object_repr": "http://res.cloudinary.com/emidio-cloud/image/upload/v1648136965/j2a7evpiymqe1choymjv.jpg",
        "action_flag": 1,
        "change_message": "[{\"added\": {}}]"
    }
}, {
    "model": "admin.logentry",
    "pk": 133,
    "fields": {
        "action_time": "2022-03-24T15:50:38.056Z",
        "user": 1,
        "content_type": 20,
        "object_id": "9",
        "object_repr": "http://res.cloudinary.com/emidio-cloud/image/upload/v1648137037/ammwuxxfpznurtok2lgr.jpg",
        "action_flag": 1,
        "change_message": "[{\"added\": {}}]"
    }
}, {
    "model": "admin.logentry",
    "pk": 134,
    "fields": {
        "action_time": "2022-03-24T15:51:13.958Z",
        "user": 1,
        "content_type": 20,
        "object_id": "10",
        "object_repr": "http://res.cloudinary.com/emidio-cloud/image/upload/v1648137073/ww8watjqxlueexau9k1k.jpg",
        "action_flag": 1,
        "change_message": "[{\"added\": {}}]"
    }
}, {
    "model": "admin.logentry",
    "pk": 135,
    "fields": {
        "action_time": "2022-03-24T15:51:55.412Z",
        "user": 1,
        "content_type": 20,
        "object_id": "11",
        "object_repr": "http://res.cloudinary.com/emidio-cloud/image/upload/v1648137115/kq6lnbnxpo4wqurwpext.jpg",
        "action_flag": 1,
        "change_message": "[{\"added\": {}}]"
    }
}, {
    "model": "admin.logentry",
    "pk": 136,
    "fields": {
        "action_time": "2022-03-24T15:52:24.470Z",
        "user": 1,
        "content_type": 20,
        "object_id": "12",
        "object_repr": "http://res.cloudinary.com/emidio-cloud/image/upload/v1648137144/cbksmbl0gx4j1aww1uxy.jpg",
        "action_flag": 1,
        "change_message": "[{\"added\": {}}]"
    }
}, {
    "model": "admin.logentry",
    "pk": 137,
    "fields": {
        "action_time": "2022-03-24T15:52:49.954Z",
        "user": 1,
        "content_type": 20,
        "object_id": "13",
        "object_repr": "http://res.cloudinary.com/emidio-cloud/image/upload/v1648137169/r5mg85fv75wb2zpaz0iz.jpg",
        "action_flag": 1,
        "change_message": "[{\"added\": {}}]"
    }
}, {
    "model": "admin.logentry",
    "pk": 138,
    "fields": {
        "action_time": "2022-03-24T15:53:15.621Z",
        "user": 1,
        "content_type": 20,
        "object_id": "14",
        "object_repr": "http://res.cloudinary.com/emidio-cloud/image/upload/v1648137195/u6bxv443oyajgcv4pvwn.jpg",
        "action_flag": 1,
        "change_message": "[{\"added\": {}}]"
    }
}, {
    "model": "admin.logentry",
    "pk": 139,
    "fields": {
        "action_time": "2022-03-24T15:53:42.449Z",
        "user": 1,
        "content_type": 20,
        "object_id": "15",
        "object_repr": "http://res.cloudinary.com/emidio-cloud/image/upload/v1648137222/x6ngzy5vs8mdbbm699a1.jpg",
        "action_flag": 1,
        "change_message": "[{\"added\": {}}]"
    }
}, {
    "model": "admin.logentry",
    "pk": 140,
    "fields": {
        "action_time": "2022-03-24T15:54:04.934Z",
        "user": 1,
        "content_type": 20,
        "object_id": "16",
        "object_repr": "http://res.cloudinary.com/emidio-cloud/image/upload/v1648137244/x08ymehtxzfcz9zydtaz.jpg",
        "action_flag": 1,
        "change_message": "[{\"added\": {}}]"
    }
}, {
    "model": "admin.logentry",
    "pk": 141,
    "fields": {
        "action_time": "2022-03-24T15:54:31.173Z",
        "user": 1,
        "content_type": 20,
        "object_id": "17",
        "object_repr": "http://res.cloudinary.com/emidio-cloud/image/upload/v1648137270/ycm5ty3ojtkf8cismoop.jpg",
        "action_flag": 1,
        "change_message": "[{\"added\": {}}]"
    }
}, {
    "model": "admin.logentry",
    "pk": 142,
    "fields": {
        "action_time": "2022-03-24T15:54:53.274Z",
        "user": 1,
        "content_type": 20,
        "object_id": "18",
        "object_repr": "http://res.cloudinary.com/emidio-cloud/image/upload/v1648137292/apdlqtvewsg8cqwllprx.jpg",
        "action_flag": 1,
        "change_message": "[{\"added\": {}}]"
    }
}, {
    "model": "admin.logentry",
    "pk": 143,
    "fields": {
        "action_time": "2022-03-24T15:55:24.845Z",
        "user": 1,
        "content_type": 20,
        "object_id": "19",
        "object_repr": "http://res.cloudinary.com/emidio-cloud/image/upload/v1648137324/uvlfrc5mtnl8kefgckif.jpg",
        "action_flag": 1,
        "change_message": "[{\"added\": {}}]"
    }
}, {
    "model": "admin.logentry",
    "pk": 144,
    "fields": {
        "action_time": "2022-03-24T15:55:54.134Z",
        "user": 1,
        "content_type": 20,
        "object_id": "20",
        "object_repr": "http://res.cloudinary.com/emidio-cloud/image/upload/v1648137353/tzlkwegtxbxrxocmbc7r.jpg",
        "action_flag": 1,
        "change_message": "[{\"added\": {}}]"
    }
}, {
    "model": "admin.logentry",
    "pk": 145,
    "fields": {
        "action_time": "2022-03-24T15:56:16.376Z",
        "user": 1,
        "content_type": 20,
        "object_id": "21",
        "object_repr": "http://res.cloudinary.com/emidio-cloud/image/upload/v1648137375/rqe6pvmgcsqppxra04kn.jpg",
        "action_flag": 1,
        "change_message": "[{\"added\": {}}]"
    }
}, {
    "model": "admin.logentry",
    "pk": 146,
    "fields": {
        "action_time": "2022-03-24T15:56:45.387Z",
        "user": 1,
        "content_type": 20,
        "object_id": "22",
        "object_repr": "http://res.cloudinary.com/emidio-cloud/image/upload/v1648137404/ifhklmm9cn2b8fupkvdg.jpg",
        "action_flag": 1,
        "change_message": "[{\"added\": {}}]"
    }
}, {
    "model": "admin.logentry",
    "pk": 147,
    "fields": {
        "action_time": "2022-03-24T15:57:09.685Z",
        "user": 1,
        "content_type": 20,
        "object_id": "23",
        "object_repr": "http://res.cloudinary.com/emidio-cloud/image/upload/v1648137428/i53uuwa4sgwz25iqqkhu.jpg",
        "action_flag": 1,
        "change_message": "[{\"added\": {}}]"
    }
}, {
    "model": "admin.logentry",
    "pk": 148,
    "fields": {
        "action_time": "2022-03-24T15:57:38.333Z",
        "user": 1,
        "content_type": 20,
        "object_id": "24",
        "object_repr": "http://res.cloudinary.com/emidio-cloud/image/upload/v1648137456/ye6qexrkcqabio3czepx.jpg",
        "action_flag": 1,
        "change_message": "[{\"added\": {}}]"
    }
}, {
    "model": "admin.logentry",
    "pk": 149,
    "fields": {
        "action_time": "2022-03-24T15:58:01.192Z",
        "user": 1,
        "content_type": 20,
        "object_id": "25",
        "object_repr": "http://res.cloudinary.com/emidio-cloud/image/upload/v1648137479/im9kdsmz6x3omelpltsm.jpg",
        "action_flag": 1,
        "change_message": "[{\"added\": {}}]"
    }
}, {
    "model": "admin.logentry",
    "pk": 150,
    "fields": {
        "action_time": "2022-03-24T15:58:22.377Z",
        "user": 1,
        "content_type": 20,
        "object_id": "26",
        "object_repr": "http://res.cloudinary.com/emidio-cloud/image/upload/v1648137500/gypwqietcyh65ahszsvk.jpg",
        "action_flag": 1,
        "change_message": "[{\"added\": {}}]"
    }
}, {
    "model": "admin.logentry",
    "pk": 151,
    "fields": {
        "action_time": "2022-03-24T15:59:08.540Z",
        "user": 1,
        "content_type": 20,
        "object_id": "27",
        "object_repr": "http://res.cloudinary.com/emidio-cloud/image/upload/v1648137547/vvzqfdlj2dx7lcn0cbiz.jpg",
        "action_flag": 1,
        "change_message": "[{\"added\": {}}]"
    }
}, {
    "model": "admin.logentry",
    "pk": 152,
    "fields": {
        "action_time": "2022-03-24T15:59:32.568Z",
        "user": 1,
        "content_type": 20,
        "object_id": "28",
        "object_repr": "http://res.cloudinary.com/emidio-cloud/image/upload/v1648137571/g7fesi1dyeubah1rnhsk.jpg",
        "action_flag": 1,
        "change_message": "[{\"added\": {}}]"
    }
}, {
    "model": "admin.logentry",
    "pk": 153,
    "fields": {
        "action_time": "2022-03-24T15:59:59.183Z",
        "user": 1,
        "content_type": 20,
        "object_id": "29",
        "object_repr": "http://res.cloudinary.com/emidio-cloud/image/upload/v1648137598/baguttyarl64xt3rqfvu.jpg",
        "action_flag": 1,
        "change_message": "[{\"added\": {}}]"
    }
}, {
    "model": "admin.logentry",
    "pk": 154,
    "fields": {
        "action_time": "2022-03-24T16:00:25.554Z",
        "user": 1,
        "content_type": 20,
        "object_id": "30",
        "object_repr": "http://res.cloudinary.com/emidio-cloud/image/upload/v1648137624/db0wvxs06qspum4f4hkx.jpg",
        "action_flag": 1,
        "change_message": "[{\"added\": {}}]"
    }
}, {
    "model": "admin.logentry",
    "pk": 155,
    "fields": {
        "action_time": "2022-03-24T16:00:48.554Z",
        "user": 1,
        "content_type": 20,
        "object_id": "31",
        "object_repr": "http://res.cloudinary.com/emidio-cloud/image/upload/v1648137647/fg3c7juwyxnhbxs4ymmx.jpg",
        "action_flag": 1,
        "change_message": "[{\"added\": {}}]"
    }
}, {
    "model": "admin.logentry",
    "pk": 156,
    "fields": {
        "action_time": "2022-03-24T16:01:15.436Z",
        "user": 1,
        "content_type": 20,
        "object_id": "32",
        "object_repr": "http://res.cloudinary.com/emidio-cloud/image/upload/v1648137675/e8dzg6nl78qyy8oggdty.jpg",
        "action_flag": 1,
        "change_message": "[{\"added\": {}}]"
    }
}, {
    "model": "admin.logentry",
    "pk": 157,
    "fields": {
        "action_time": "2022-03-24T16:01:45.216Z",
        "user": 1,
        "content_type": 20,
        "object_id": "33",
        "object_repr": "http://res.cloudinary.com/emidio-cloud/image/upload/v1648137704/hf34wrd465f6gllfwohm.jpg",
        "action_flag": 1,
        "change_message": "[{\"added\": {}}]"
    }
}, {
    "model": "admin.logentry",
    "pk": 158,
    "fields": {
        "action_time": "2022-03-24T16:02:04.771Z",
        "user": 1,
        "content_type": 20,
        "object_id": "34",
        "object_repr": "http://res.cloudinary.com/emidio-cloud/image/upload/v1648137724/qdlhai4ambbkv9ovoxz2.jpg",
        "action_flag": 1,
        "change_message": "[{\"added\": {}}]"
    }
}, {
    "model": "admin.logentry",
    "pk": 159,
    "fields": {
        "action_time": "2022-03-24T16:02:26.337Z",
        "user": 1,
        "content_type": 20,
        "object_id": "35",
        "object_repr": "http://res.cloudinary.com/emidio-cloud/image/upload/v1648137745/p1ysnykb1sb0re36ejuf.jpg",
        "action_flag": 1,
        "change_message": "[{\"added\": {}}]"
    }
}, {
    "model": "admin.logentry",
    "pk": 160,
    "fields": {
        "action_time": "2022-03-24T16:02:48.814Z",
        "user": 1,
        "content_type": 20,
        "object_id": "36",
        "object_repr": "http://res.cloudinary.com/emidio-cloud/image/upload/v1648137768/pyfwnozegqtd3o2som4r.jpg",
        "action_flag": 1,
        "change_message": "[{\"added\": {}}]"
    }
}, {
    "model": "admin.logentry",
    "pk": 161,
    "fields": {
        "action_time": "2022-03-24T16:03:08.963Z",
        "user": 1,
        "content_type": 20,
        "object_id": "37",
        "object_repr": "http://res.cloudinary.com/emidio-cloud/image/upload/v1648137788/ko5fskzcizty1hfkbsbx.jpg",
        "action_flag": 1,
        "change_message": "[{\"added\": {}}]"
    }
}, {
    "model": "admin.logentry",
    "pk": 162,
    "fields": {
        "action_time": "2022-03-24T16:03:31.512Z",
        "user": 1,
        "content_type": 20,
        "object_id": "38",
        "object_repr": "http://res.cloudinary.com/emidio-cloud/image/upload/v1648137811/qvgvitr2puowyfcbblfp.jpg",
        "action_flag": 1,
        "change_message": "[{\"added\": {}}]"
    }
}, {
    "model": "admin.logentry",
    "pk": 163,
    "fields": {
        "action_time": "2022-03-24T16:04:27.494Z",
        "user": 1,
        "content_type": 20,
        "object_id": "39",
        "object_repr": "http://res.cloudinary.com/emidio-cloud/image/upload/v1648137867/oekvtiffl5bbrxr43jyf.jpg",
        "action_flag": 1,
        "change_message": "[{\"added\": {}}]"
    }
}, {
    "model": "admin.logentry",
    "pk": 164,
    "fields": {
        "action_time": "2022-03-24T16:04:54.302Z",
        "user": 1,
        "content_type": 20,
        "object_id": "40",
        "object_repr": "http://res.cloudinary.com/emidio-cloud/image/upload/v1648137893/pljmjvtzj8xlpicq0y1x.jpg",
        "action_flag": 1,
        "change_message": "[{\"added\": {}}]"
    }
}, {
    "model": "admin.logentry",
    "pk": 165,
    "fields": {
        "action_time": "2022-03-24T16:05:17.368Z",
        "user": 1,
        "content_type": 20,
        "object_id": "41",
        "object_repr": "http://res.cloudinary.com/emidio-cloud/image/upload/v1648137916/oj4a6xd0mny1zzmzyrgc.jpg",
        "action_flag": 1,
        "change_message": "[{\"added\": {}}]"
    }
}, {
    "model": "admin.logentry",
    "pk": 166,
    "fields": {
        "action_time": "2022-03-24T16:05:39.493Z",
        "user": 1,
        "content_type": 20,
        "object_id": "42",
        "object_repr": "http://res.cloudinary.com/emidio-cloud/image/upload/v1648137939/ovkagnc7s9ulutvvpswk.jpg",
        "action_flag": 1,
        "change_message": "[{\"added\": {}}]"
    }
}, {
    "model": "admin.logentry",
    "pk": 167,
    "fields": {
        "action_time": "2022-03-24T16:05:59.325Z",
        "user": 1,
        "content_type": 20,
        "object_id": "43",
        "object_repr": "http://res.cloudinary.com/emidio-cloud/image/upload/v1648137958/u033nslxv1xzs7nlc35a.jpg",
        "action_flag": 1,
        "change_message": "[{\"added\": {}}]"
    }
}, {
    "model": "admin.logentry",
    "pk": 168,
    "fields": {
        "action_time": "2022-03-24T16:06:54.944Z",
        "user": 1,
        "content_type": 16,
        "object_id": "5",
        "object_repr": "Adamstown, Lucan",
        "action_flag": 2,
        "change_message": "[{\"changed\": {\"fields\": [\"Image\"]}}]"
    }
}, {
    "model": "admin.logentry",
    "pk": 169,
    "fields": {
        "action_time": "2022-03-24T16:07:05.995Z",
        "user": 1,
        "content_type": 16,
        "object_id": "4",
        "object_repr": "North Wall Quay, Dublin 1",
        "action_flag": 2,
        "change_message": "[{\"changed\": {\"fields\": [\"Image\"]}}]"
    }
}, {
    "model": "admin.logentry",
    "pk": 170,
    "fields": {
        "action_time": "2022-03-24T16:07:16.216Z",
        "user": 1,
        "content_type": 16,
        "object_id": "3",
        "object_repr": "Quayside Quarter, Swords",
        "action_flag": 2,
        "change_message": "[{\"changed\": {\"fields\": [\"Image\"]}}]"
    }
}, {
    "model": "admin.logentry",
    "pk": 171,
    "fields": {
        "action_time": "2022-03-24T16:07:31.048Z",
        "user": 1,
        "content_type": 16,
        "object_id": "2",
        "object_repr": "Ivy House, Booterstown",
        "action_flag": 2,
        "change_message": "[{\"changed\": {\"fields\": [\"Image\"]}}]"
    }
}, {
    "model": "admin.logentry",
    "pk": 172,
    "fields": {
        "action_time": "2022-03-24T16:07:42.379Z",
        "user": 1,
        "content_type": 16,
        "object_id": "1",
        "object_repr": "Abbey View, Sandyford",
        "action_flag": 2,
        "change_message": "[{\"changed\": {\"fields\": [\"Image\"]}}]"
    }
}, {
    "model": "admin.logentry",
    "pk": 173,
    "fields": {
        "action_time": "2022-03-24T17:26:33.802Z",
        "user": 1,
        "content_type": 16,
        "object_id": "3",
        "object_repr": "Quayside Quarter, Swords",
        "action_flag": 2,
        "change_message": "[{\"changed\": {\"fields\": [\"Image\"]}}]"
    }
}, {
    "model": "admin.logentry",
    "pk": 174,
    "fields": {
        "action_time": "2022-03-24T17:29:02.058Z",
        "user": 1,
        "content_type": 20,
        "object_id": "7",
        "object_repr": "http://res.cloudinary.com/emidio-cloud/image/upload/v1648059177/mfc4kfykiy9m2u7cmfnc.jpg",
        "action_flag": 3,
        "change_message": ""
    }
}, {
    "model": "admin.logentry",
    "pk": 175,
    "fields": {
        "action_time": "2022-03-24T17:29:02.060Z",
        "user": 1,
        "content_type": 20,
        "object_id": "6",
        "object_repr": "http://res.cloudinary.com/emidio-cloud/image/upload/v1648059162/s50m6xggr7g4cfvqnzj6.jpg",
        "action_flag": 3,
        "change_message": ""
    }
}, {
    "model": "admin.logentry",
    "pk": 176,
    "fields": {
        "action_time": "2022-03-24T17:29:02.062Z",
        "user": 1,
        "content_type": 20,
        "object_id": "5",
        "object_repr": "http://res.cloudinary.com/emidio-cloud/image/upload/v1648059135/h9t7evp78vv3vy0kzqoo.jpg",
        "action_flag": 3,
        "change_message": ""
    }
}, {
    "model": "admin.logentry",
    "pk": 177,
    "fields": {
        "action_time": "2022-03-24T17:29:02.063Z",
        "user": 1,
        "content_type": 20,
        "object_id": "4",
        "object_repr": "http://res.cloudinary.com/emidio-cloud/image/upload/v1648059113/gpwzo7qlh3cuajijtffd.jpg",
        "action_flag": 3,
        "change_message": ""
    }
}, {
    "model": "admin.logentry",
    "pk": 178,
    "fields": {
        "action_time": "2022-03-24T17:29:02.065Z",
        "user": 1,
        "content_type": 20,
        "object_id": "3",
        "object_repr": "http://res.cloudinary.com/emidio-cloud/image/upload/v1648059094/izj8ftnj7nudynaaq7vj.jpg",
        "action_flag": 3,
        "change_message": ""
    }
}, {
    "model": "admin.logentry",
    "pk": 179,
    "fields": {
        "action_time": "2022-03-24T17:29:35.661Z",
        "user": 1,
        "content_type": 16,
        "object_id": "5",
        "object_repr": "Adamstown, Lucan",
        "action_flag": 2,
        "change_message": "[{\"changed\": {\"fields\": [\"Image\"]}}]"
    }
}, {
    "model": "admin.logentry",
    "pk": 180,
    "fields": {
        "action_time": "2022-03-24T17:29:41.694Z",
        "user": 1,
        "content_type": 16,
        "object_id": "4",
        "object_repr": "North Wall Quay, Dublin 1",
        "action_flag": 2,
        "change_message": "[{\"changed\": {\"fields\": [\"Image\"]}}]"
    }
}, {
    "model": "admin.logentry",
    "pk": 181,
    "fields": {
        "action_time": "2022-03-24T17:29:53.249Z",
        "user": 1,
        "content_type": 16,
        "object_id": "3",
        "object_repr": "Quayside Quarter, Swords",
        "action_flag": 2,
        "change_message": "[{\"changed\": {\"fields\": [\"Image\"]}}]"
    }
}, {
    "model": "admin.logentry",
    "pk": 182,
    "fields": {
        "action_time": "2022-03-24T17:30:03.158Z",
        "user": 1,
        "content_type": 16,
        "object_id": "2",
        "object_repr": "Ivy House, Booterstown",
        "action_flag": 2,
        "change_message": "[{\"changed\": {\"fields\": [\"Image\"]}}]"
    }
}, {
    "model": "admin.logentry",
    "pk": 183,
    "fields": {
        "action_time": "2022-03-24T17:30:16.840Z",
        "user": 1,
        "content_type": 16,
        "object_id": "1",
        "object_repr": "Abbey View, Sandyford",
        "action_flag": 2,
        "change_message": "[{\"changed\": {\"fields\": [\"Image\"]}}]"
    }
}, {
    "model": "admin.logentry",
    "pk": 184,
    "fields": {
        "action_time": "2022-04-04T15:08:32.361Z",
        "user": 1,
        "content_type": 20,
        "object_id": "43",
        "object_repr": "http://res.cloudinary.com/emidio-cloud/image/upload/v1648137958/u033nslxv1xzs7nlc35a.jpg",
        "action_flag": 3,
        "change_message": ""
    }
}, {
    "model": "admin.logentry",
    "pk": 185,
    "fields": {
        "action_time": "2022-04-04T15:08:32.364Z",
        "user": 1,
        "content_type": 20,
        "object_id": "42",
        "object_repr": "http://res.cloudinary.com/emidio-cloud/image/upload/v1648137939/ovkagnc7s9ulutvvpswk.jpg",
        "action_flag": 3,
        "change_message": ""
    }
}, {
    "model": "admin.logentry",
    "pk": 186,
    "fields": {
        "action_time": "2022-04-04T15:08:32.365Z",
        "user": 1,
        "content_type": 20,
        "object_id": "41",
        "object_repr": "http://res.cloudinary.com/emidio-cloud/image/upload/v1648137916/oj4a6xd0mny1zzmzyrgc.jpg",
        "action_flag": 3,
        "change_message": ""
    }
}, {
    "model": "admin.logentry",
    "pk": 187,
    "fields": {
        "action_time": "2022-04-04T15:08:32.366Z",
        "user": 1,
        "content_type": 20,
        "object_id": "40",
        "object_repr": "http://res.cloudinary.com/emidio-cloud/image/upload/v1648137893/pljmjvtzj8xlpicq0y1x.jpg",
        "action_flag": 3,
        "change_message": ""
    }
}, {
    "model": "admin.logentry",
    "pk": 188,
    "fields": {
        "action_time": "2022-04-04T15:08:32.367Z",
        "user": 1,
        "content_type": 20,
        "object_id": "39",
        "object_repr": "http://res.cloudinary.com/emidio-cloud/image/upload/v1648137867/oekvtiffl5bbrxr43jyf.jpg",
        "action_flag": 3,
        "change_message": ""
    }
}, {
    "model": "admin.logentry",
    "pk": 189,
    "fields": {
        "action_time": "2022-04-04T15:08:32.369Z",
        "user": 1,
        "content_type": 20,
        "object_id": "38",
        "object_repr": "http://res.cloudinary.com/emidio-cloud/image/upload/v1648137811/qvgvitr2puowyfcbblfp.jpg",
        "action_flag": 3,
        "change_message": ""
    }
}, {
    "model": "admin.logentry",
    "pk": 190,
    "fields": {
        "action_time": "2022-04-04T15:08:32.372Z",
        "user": 1,
        "content_type": 20,
        "object_id": "37",
        "object_repr": "http://res.cloudinary.com/emidio-cloud/image/upload/v1648137788/ko5fskzcizty1hfkbsbx.jpg",
        "action_flag": 3,
        "change_message": ""
    }
}, {
    "model": "admin.logentry",
    "pk": 191,
    "fields": {
        "action_time": "2022-04-04T15:08:32.374Z",
        "user": 1,
        "content_type": 20,
        "object_id": "36",
        "object_repr": "http://res.cloudinary.com/emidio-cloud/image/upload/v1648137768/pyfwnozegqtd3o2som4r.jpg",
        "action_flag": 3,
        "change_message": ""
    }
}, {
    "model": "admin.logentry",
    "pk": 192,
    "fields": {
        "action_time": "2022-04-04T15:08:32.375Z",
        "user": 1,
        "content_type": 20,
        "object_id": "35",
        "object_repr": "http://res.cloudinary.com/emidio-cloud/image/upload/v1648137745/p1ysnykb1sb0re36ejuf.jpg",
        "action_flag": 3,
        "change_message": ""
    }
}, {
    "model": "admin.logentry",
    "pk": 193,
    "fields": {
        "action_time": "2022-04-04T15:08:32.376Z",
        "user": 1,
        "content_type": 20,
        "object_id": "34",
        "object_repr": "http://res.cloudinary.com/emidio-cloud/image/upload/v1648137724/qdlhai4ambbkv9ovoxz2.jpg",
        "action_flag": 3,
        "change_message": ""
    }
}, {
    "model": "admin.logentry",
    "pk": 194,
    "fields": {
        "action_time": "2022-04-04T15:08:32.377Z",
        "user": 1,
        "content_type": 20,
        "object_id": "33",
        "object_repr": "http://res.cloudinary.com/emidio-cloud/image/upload/v1648137704/hf34wrd465f6gllfwohm.jpg",
        "action_flag": 3,
        "change_message": ""
    }
}, {
    "model": "admin.logentry",
    "pk": 195,
    "fields": {
        "action_time": "2022-04-04T15:08:32.378Z",
        "user": 1,
        "content_type": 20,
        "object_id": "32",
        "object_repr": "http://res.cloudinary.com/emidio-cloud/image/upload/v1648137675/e8dzg6nl78qyy8oggdty.jpg",
        "action_flag": 3,
        "change_message": ""
    }
}, {
    "model": "admin.logentry",
    "pk": 196,
    "fields": {
        "action_time": "2022-04-04T15:08:32.380Z",
        "user": 1,
        "content_type": 20,
        "object_id": "31",
        "object_repr": "http://res.cloudinary.com/emidio-cloud/image/upload/v1648137647/fg3c7juwyxnhbxs4ymmx.jpg",
        "action_flag": 3,
        "change_message": ""
    }
}, {
    "model": "admin.logentry",
    "pk": 197,
    "fields": {
        "action_time": "2022-04-04T15:08:32.381Z",
        "user": 1,
        "content_type": 20,
        "object_id": "30",
        "object_repr": "http://res.cloudinary.com/emidio-cloud/image/upload/v1648137624/db0wvxs06qspum4f4hkx.jpg",
        "action_flag": 3,
        "change_message": ""
    }
}, {
    "model": "admin.logentry",
    "pk": 198,
    "fields": {
        "action_time": "2022-04-04T15:08:32.382Z",
        "user": 1,
        "content_type": 20,
        "object_id": "29",
        "object_repr": "http://res.cloudinary.com/emidio-cloud/image/upload/v1648137598/baguttyarl64xt3rqfvu.jpg",
        "action_flag": 3,
        "change_message": ""
    }
}, {
    "model": "admin.logentry",
    "pk": 199,
    "fields": {
        "action_time": "2022-04-04T15:08:32.383Z",
        "user": 1,
        "content_type": 20,
        "object_id": "28",
        "object_repr": "http://res.cloudinary.com/emidio-cloud/image/upload/v1648137571/g7fesi1dyeubah1rnhsk.jpg",
        "action_flag": 3,
        "change_message": ""
    }
}, {
    "model": "admin.logentry",
    "pk": 200,
    "fields": {
        "action_time": "2022-04-04T15:08:32.384Z",
        "user": 1,
        "content_type": 20,
        "object_id": "27",
        "object_repr": "http://res.cloudinary.com/emidio-cloud/image/upload/v1648137547/vvzqfdlj2dx7lcn0cbiz.jpg",
        "action_flag": 3,
        "change_message": ""
    }
}, {
    "model": "admin.logentry",
    "pk": 201,
    "fields": {
        "action_time": "2022-04-04T15:08:32.385Z",
        "user": 1,
        "content_type": 20,
        "object_id": "26",
        "object_repr": "http://res.cloudinary.com/emidio-cloud/image/upload/v1648137500/gypwqietcyh65ahszsvk.jpg",
        "action_flag": 3,
        "change_message": ""
    }
}, {
    "model": "admin.logentry",
    "pk": 202,
    "fields": {
        "action_time": "2022-04-04T15:08:32.387Z",
        "user": 1,
        "content_type": 20,
        "object_id": "25",
        "object_repr": "http://res.cloudinary.com/emidio-cloud/image/upload/v1648137479/im9kdsmz6x3omelpltsm.jpg",
        "action_flag": 3,
        "change_message": ""
    }
}, {
    "model": "admin.logentry",
    "pk": 203,
    "fields": {
        "action_time": "2022-04-04T15:08:32.388Z",
        "user": 1,
        "content_type": 20,
        "object_id": "24",
        "object_repr": "http://res.cloudinary.com/emidio-cloud/image/upload/v1648137456/ye6qexrkcqabio3czepx.jpg",
        "action_flag": 3,
        "change_message": ""
    }
}, {
    "model": "admin.logentry",
    "pk": 204,
    "fields": {
        "action_time": "2022-04-04T15:08:32.389Z",
        "user": 1,
        "content_type": 20,
        "object_id": "23",
        "object_repr": "http://res.cloudinary.com/emidio-cloud/image/upload/v1648137428/i53uuwa4sgwz25iqqkhu.jpg",
        "action_flag": 3,
        "change_message": ""
    }
}, {
    "model": "admin.logentry",
    "pk": 205,
    "fields": {
        "action_time": "2022-04-04T15:08:32.390Z",
        "user": 1,
        "content_type": 20,
        "object_id": "22",
        "object_repr": "http://res.cloudinary.com/emidio-cloud/image/upload/v1648137404/ifhklmm9cn2b8fupkvdg.jpg",
        "action_flag": 3,
        "change_message": ""
    }
}, {
    "model": "admin.logentry",
    "pk": 206,
    "fields": {
        "action_time": "2022-04-04T15:08:32.391Z",
        "user": 1,
        "content_type": 20,
        "object_id": "21",
        "object_repr": "http://res.cloudinary.com/emidio-cloud/image/upload/v1648137375/rqe6pvmgcsqppxra04kn.jpg",
        "action_flag": 3,
        "change_message": ""
    }
}, {
    "model": "admin.logentry",
    "pk": 207,
    "fields": {
        "action_time": "2022-04-04T15:08:32.393Z",
        "user": 1,
        "content_type": 20,
        "object_id": "20",
        "object_repr": "http://res.cloudinary.com/emidio-cloud/image/upload/v1648137353/tzlkwegtxbxrxocmbc7r.jpg",
        "action_flag": 3,
        "change_message": ""
    }
}, {
    "model": "admin.logentry",
    "pk": 208,
    "fields": {
        "action_time": "2022-04-04T15:08:32.394Z",
        "user": 1,
        "content_type": 20,
        "object_id": "19",
        "object_repr": "http://res.cloudinary.com/emidio-cloud/image/upload/v1648137324/uvlfrc5mtnl8kefgckif.jpg",
        "action_flag": 3,
        "change_message": ""
    }
}, {
    "model": "admin.logentry",
    "pk": 209,
    "fields": {
        "action_time": "2022-04-04T15:08:32.395Z",
        "user": 1,
        "content_type": 20,
        "object_id": "18",
        "object_repr": "http://res.cloudinary.com/emidio-cloud/image/upload/v1648137292/apdlqtvewsg8cqwllprx.jpg",
        "action_flag": 3,
        "change_message": ""
    }
}, {
    "model": "admin.logentry",
    "pk": 210,
    "fields": {
        "action_time": "2022-04-04T15:08:32.397Z",
        "user": 1,
        "content_type": 20,
        "object_id": "17",
        "object_repr": "http://res.cloudinary.com/emidio-cloud/image/upload/v1648137270/ycm5ty3ojtkf8cismoop.jpg",
        "action_flag": 3,
        "change_message": ""
    }
}, {
    "model": "admin.logentry",
    "pk": 211,
    "fields": {
        "action_time": "2022-04-04T15:08:32.399Z",
        "user": 1,
        "content_type": 20,
        "object_id": "16",
        "object_repr": "http://res.cloudinary.com/emidio-cloud/image/upload/v1648137244/x08ymehtxzfcz9zydtaz.jpg",
        "action_flag": 3,
        "change_message": ""
    }
}, {
    "model": "admin.logentry",
    "pk": 212,
    "fields": {
        "action_time": "2022-04-04T15:08:32.400Z",
        "user": 1,
        "content_type": 20,
        "object_id": "15",
        "object_repr": "http://res.cloudinary.com/emidio-cloud/image/upload/v1648137222/x6ngzy5vs8mdbbm699a1.jpg",
        "action_flag": 3,
        "change_message": ""
    }
}, {
    "model": "admin.logentry",
    "pk": 213,
    "fields": {
        "action_time": "2022-04-04T15:08:32.401Z",
        "user": 1,
        "content_type": 20,
        "object_id": "14",
        "object_repr": "http://res.cloudinary.com/emidio-cloud/image/upload/v1648137195/u6bxv443oyajgcv4pvwn.jpg",
        "action_flag": 3,
        "change_message": ""
    }
}, {
    "model": "admin.logentry",
    "pk": 214,
    "fields": {
        "action_time": "2022-04-04T15:08:32.402Z",
        "user": 1,
        "content_type": 20,
        "object_id": "13",
        "object_repr": "http://res.cloudinary.com/emidio-cloud/image/upload/v1648137169/r5mg85fv75wb2zpaz0iz.jpg",
        "action_flag": 3,
        "change_message": ""
    }
}, {
    "model": "admin.logentry",
    "pk": 215,
    "fields": {
        "action_time": "2022-04-04T15:08:32.403Z",
        "user": 1,
        "content_type": 20,
        "object_id": "12",
        "object_repr": "http://res.cloudinary.com/emidio-cloud/image/upload/v1648137144/cbksmbl0gx4j1aww1uxy.jpg",
        "action_flag": 3,
        "change_message": ""
    }
}, {
    "model": "admin.logentry",
    "pk": 216,
    "fields": {
        "action_time": "2022-04-04T15:08:32.405Z",
        "user": 1,
        "content_type": 20,
        "object_id": "11",
        "object_repr": "http://res.cloudinary.com/emidio-cloud/image/upload/v1648137115/kq6lnbnxpo4wqurwpext.jpg",
        "action_flag": 3,
        "change_message": ""
    }
}, {
    "model": "admin.logentry",
    "pk": 217,
    "fields": {
        "action_time": "2022-04-04T15:08:32.406Z",
        "user": 1,
        "content_type": 20,
        "object_id": "10",
        "object_repr": "http://res.cloudinary.com/emidio-cloud/image/upload/v1648137073/ww8watjqxlueexau9k1k.jpg",
        "action_flag": 3,
        "change_message": ""
    }
}, {
    "model": "admin.logentry",
    "pk": 218,
    "fields": {
        "action_time": "2022-04-04T15:08:32.407Z",
        "user": 1,
        "content_type": 20,
        "object_id": "9",
        "object_repr": "http://res.cloudinary.com/emidio-cloud/image/upload/v1648137037/ammwuxxfpznurtok2lgr.jpg",
        "action_flag": 3,
        "change_message": ""
    }
}, {
    "model": "admin.logentry",
    "pk": 219,
    "fields": {
        "action_time": "2022-04-04T15:08:32.408Z",
        "user": 1,
        "content_type": 20,
        "object_id": "8",
        "object_repr": "http://res.cloudinary.com/emidio-cloud/image/upload/v1648136965/j2a7evpiymqe1choymjv.jpg",
        "action_flag": 3,
        "change_message": ""
    }
}, {
    "model": "admin.logentry",
    "pk": 220,
    "fields": {
        "action_time": "2022-04-04T15:08:40.551Z",
        "user": 1,
        "content_type": 20,
        "object_id": "44",
        "object_repr": "http://res.cloudinary.com/emidio-cloud/image/upload/v1649084919/jx0sl68obioimwt56zib.jpg",
        "action_flag": 1,
        "change_message": "[{\"added\": {}}]"
    }
}, {
    "model": "admin.logentry",
    "pk": 221,
    "fields": {
        "action_time": "2022-04-04T15:08:53.826Z",
        "user": 1,
        "content_type": 20,
        "object_id": "45",
        "object_repr": "http://res.cloudinary.com/emidio-cloud/image/upload/v1649084933/whgmdfz5r0dtghsr30bz.jpg",
        "action_flag": 1,
        "change_message": "[{\"added\": {}}]"
    }
}, {
    "model": "admin.logentry",
    "pk": 222,
    "fields": {
        "action_time": "2022-04-04T15:09:00.550Z",
        "user": 1,
        "content_type": 20,
        "object_id": "46",
        "object_repr": "http://res.cloudinary.com/emidio-cloud/image/upload/v1649084940/eluik6mn3fpdierdqlvu.jpg",
        "action_flag": 1,
        "change_message": "[{\"added\": {}}]"
    }
}, {
    "model": "admin.logentry",
    "pk": 223,
    "fields": {
        "action_time": "2022-04-04T15:09:07.216Z",
        "user": 1,
        "content_type": 20,
        "object_id": "47",
        "object_repr": "http://res.cloudinary.com/emidio-cloud/image/upload/v1649084946/ue0gn2ut5afs1lvcqjuj.jpg",
        "action_flag": 1,
        "change_message": "[{\"added\": {}}]"
    }
}, {
    "model": "admin.logentry",
    "pk": 224,
    "fields": {
        "action_time": "2022-04-04T15:09:13.300Z",
        "user": 1,
        "content_type": 20,
        "object_id": "48",
        "object_repr": "http://res.cloudinary.com/emidio-cloud/image/upload/v1649084952/xvfeb8kh3udwwrqmpdcs.jpg",
        "action_flag": 1,
        "change_message": "[{\"added\": {}}]"
    }
}, {
    "model": "admin.logentry",
    "pk": 225,
    "fields": {
        "action_time": "2022-04-04T15:09:22.722Z",
        "user": 1,
        "content_type": 20,
        "object_id": "49",
        "object_repr": "http://res.cloudinary.com/emidio-cloud/image/upload/v1649084962/v2z6kmd2zpzwecyzn0ki.jpg",
        "action_flag": 1,
        "change_message": "[{\"added\": {}}]"
    }
}, {
    "model": "admin.logentry",
    "pk": 226,
    "fields": {
        "action_time": "2022-04-04T15:09:28.632Z",
        "user": 1,
        "content_type": 20,
        "object_id": "50",
        "object_repr": "http://res.cloudinary.com/emidio-cloud/image/upload/v1649084968/sklvhmyggpichjjq0wg7.jpg",
        "action_flag": 1,
        "change_message": "[{\"added\": {}}]"
    }
}, {
    "model": "admin.logentry",
    "pk": 227,
    "fields": {
        "action_time": "2022-04-04T15:09:34.902Z",
        "user": 1,
        "content_type": 20,
        "object_id": "51",
        "object_repr": "http://res.cloudinary.com/emidio-cloud/image/upload/v1649084974/nkp8uenqlbwswanatdcd.jpg",
        "action_flag": 1,
        "change_message": "[{\"added\": {}}]"
    }
}, {
    "model": "admin.logentry",
    "pk": 228,
    "fields": {
        "action_time": "2022-04-04T15:09:41.205Z",
        "user": 1,
        "content_type": 20,
        "object_id": "52",
        "object_repr": "http://res.cloudinary.com/emidio-cloud/image/upload/v1649084980/bzvay7aautdclwf0qq3y.jpg",
        "action_flag": 1,
        "change_message": "[{\"added\": {}}]"
    }
}, {
    "model": "admin.logentry",
    "pk": 229,
    "fields": {
        "action_time": "2022-04-04T15:09:46.724Z",
        "user": 1,
        "content_type": 20,
        "object_id": "53",
        "object_repr": "http://res.cloudinary.com/emidio-cloud/image/upload/v1649084986/ksruf4cyxodi2oloebed.jpg",
        "action_flag": 1,
        "change_message": "[{\"added\": {}}]"
    }
}, {
    "model": "admin.logentry",
    "pk": 230,
    "fields": {
        "action_time": "2022-04-04T15:10:00.509Z",
        "user": 1,
        "content_type": 20,
        "object_id": "54",
        "object_repr": "http://res.cloudinary.com/emidio-cloud/image/upload/v1649085000/cr92low9mkelmgtjfqt8.jpg",
        "action_flag": 1,
        "change_message": "[{\"added\": {}}]"
    }
}, {
    "model": "admin.logentry",
    "pk": 231,
    "fields": {
        "action_time": "2022-04-04T15:10:12.763Z",
        "user": 1,
        "content_type": 20,
        "object_id": "55",
        "object_repr": "http://res.cloudinary.com/emidio-cloud/image/upload/v1649085012/t7jsircy0apjww1oacqy.jpg",
        "action_flag": 1,
        "change_message": "[{\"added\": {}}]"
    }
}, {
    "model": "admin.logentry",
    "pk": 232,
    "fields": {
        "action_time": "2022-04-04T15:10:41.285Z",
        "user": 1,
        "content_type": 20,
        "object_id": "56",
        "object_repr": "http://res.cloudinary.com/emidio-cloud/image/upload/v1649085040/c6knlmgibeehcbzcjvbx.jpg",
        "action_flag": 1,
        "change_message": "[{\"added\": {}}]"
    }
}, {
    "model": "admin.logentry",
    "pk": 233,
    "fields": {
        "action_time": "2022-04-04T15:10:48.992Z",
        "user": 1,
        "content_type": 20,
        "object_id": "57",
        "object_repr": "http://res.cloudinary.com/emidio-cloud/image/upload/v1649085048/ka4wkgufbxxxnqeerqd8.jpg",
        "action_flag": 1,
        "change_message": "[{\"added\": {}}]"
    }
}, {
    "model": "admin.logentry",
    "pk": 234,
    "fields": {
        "action_time": "2022-04-04T15:10:58.507Z",
        "user": 1,
        "content_type": 20,
        "object_id": "58",
        "object_repr": "http://res.cloudinary.com/emidio-cloud/image/upload/v1649085058/ammj5mt7ndfmndpelgzq.jpg",
        "action_flag": 1,
        "change_message": "[{\"added\": {}}]"
    }
}, {
    "model": "admin.logentry",
    "pk": 235,
    "fields": {
        "action_time": "2022-04-04T15:11:10.904Z",
        "user": 1,
        "content_type": 20,
        "object_id": "59",
        "object_repr": "http://res.cloudinary.com/emidio-cloud/image/upload/v1649085070/ektcdkoood2lnkjhzcnf.jpg",
        "action_flag": 1,
        "change_message": "[{\"added\": {}}]"
    }
}, {
    "model": "admin.logentry",
    "pk": 236,
    "fields": {
        "action_time": "2022-04-04T15:11:18.954Z",
        "user": 1,
        "content_type": 20,
        "object_id": "60",
        "object_repr": "http://res.cloudinary.com/emidio-cloud/image/upload/v1649085078/k2hrrsjhtzyzi1vnzezg.jpg",
        "action_flag": 1,
        "change_message": "[{\"added\": {}}]"
    }
}, {
    "model": "admin.logentry",
    "pk": 237,
    "fields": {
        "action_time": "2022-04-04T15:11:26.455Z",
        "user": 1,
        "content_type": 20,
        "object_id": "61",
        "object_repr": "http://res.cloudinary.com/emidio-cloud/image/upload/v1649085086/uwfa4qfwiuphbzzkvskw.jpg",
        "action_flag": 1,
        "change_message": "[{\"added\": {}}]"
    }
}, {
    "model": "admin.logentry",
    "pk": 238,
    "fields": {
        "action_time": "2022-04-04T15:11:33.452Z",
        "user": 1,
        "content_type": 20,
        "object_id": "62",
        "object_repr": "http://res.cloudinary.com/emidio-cloud/image/upload/v1649085092/vodwc5rkp3blzfvg4kbj.jpg",
        "action_flag": 1,
        "change_message": "[{\"added\": {}}]"
    }
}, {
    "model": "admin.logentry",
    "pk": 239,
    "fields": {
        "action_time": "2022-04-04T15:11:40.598Z",
        "user": 1,
        "content_type": 20,
        "object_id": "63",
        "object_repr": "http://res.cloudinary.com/emidio-cloud/image/upload/v1649085100/t4tpse6vglvzzojshkst.jpg",
        "action_flag": 1,
        "change_message": "[{\"added\": {}}]"
    }
}, {
    "model": "admin.logentry",
    "pk": 240,
    "fields": {
        "action_time": "2022-04-04T15:11:48.259Z",
        "user": 1,
        "content_type": 20,
        "object_id": "64",
        "object_repr": "http://res.cloudinary.com/emidio-cloud/image/upload/v1649085107/x37or0xiq8pr8inul2oa.jpg",
        "action_flag": 1,
        "change_message": "[{\"added\": {}}]"
    }
}, {
    "model": "admin.logentry",
    "pk": 241,
    "fields": {
        "action_time": "2022-04-04T15:11:54.832Z",
        "user": 1,
        "content_type": 20,
        "object_id": "65",
        "object_repr": "http://res.cloudinary.com/emidio-cloud/image/upload/v1649085114/rpux0mswtjh8gvhrnkvi.jpg",
        "action_flag": 1,
        "change_message": "[{\"added\": {}}]"
    }
}, {
    "model": "admin.logentry",
    "pk": 242,
    "fields": {
        "action_time": "2022-04-04T15:12:07.705Z",
        "user": 1,
        "content_type": 20,
        "object_id": "66",
        "object_repr": "http://res.cloudinary.com/emidio-cloud/image/upload/v1649085127/eqlix0vwjm7bvbz6fqcp.jpg",
        "action_flag": 1,
        "change_message": "[{\"added\": {}}]"
    }
}, {
    "model": "admin.logentry",
    "pk": 243,
    "fields": {
        "action_time": "2022-04-04T15:12:14.863Z",
        "user": 1,
        "content_type": 20,
        "object_id": "67",
        "object_repr": "http://res.cloudinary.com/emidio-cloud/image/upload/v1649085134/t1gtfg7ptnk2ceqmnbmm.jpg",
        "action_flag": 1,
        "change_message": "[{\"added\": {}}]"
    }
}, {
    "model": "admin.logentry",
    "pk": 244,
    "fields": {
        "action_time": "2022-04-04T15:12:40.132Z",
        "user": 1,
        "content_type": 20,
        "object_id": "68",
        "object_repr": "http://res.cloudinary.com/emidio-cloud/image/upload/v1649085159/dvucjokkvs57afcushtw.jpg",
        "action_flag": 1,
        "change_message": "[{\"added\": {}}]"
    }
}, {
    "model": "admin.logentry",
    "pk": 245,
    "fields": {
        "action_time": "2022-04-04T15:12:48.237Z",
        "user": 1,
        "content_type": 20,
        "object_id": "69",
        "object_repr": "http://res.cloudinary.com/emidio-cloud/image/upload/v1649085167/bjizswtcjtkpa39olcck.jpg",
        "action_flag": 1,
        "change_message": "[{\"added\": {}}]"
    }
}, {
    "model": "admin.logentry",
    "pk": 246,
    "fields": {
        "action_time": "2022-04-04T15:12:55.919Z",
        "user": 1,
        "content_type": 20,
        "object_id": "70",
        "object_repr": "http://res.cloudinary.com/emidio-cloud/image/upload/v1649085175/m2kgduqmvinmaimb06vj.jpg",
        "action_flag": 1,
        "change_message": "[{\"added\": {}}]"
    }
}, {
    "model": "admin.logentry",
    "pk": 247,
    "fields": {
        "action_time": "2022-04-04T15:13:03.179Z",
        "user": 1,
        "content_type": 20,
        "object_id": "71",
        "object_repr": "http://res.cloudinary.com/emidio-cloud/image/upload/v1649085182/npidgz9hsswa0f4yvvw2.jpg",
        "action_flag": 1,
        "change_message": "[{\"added\": {}}]"
    }
}, {
    "model": "admin.logentry",
    "pk": 248,
    "fields": {
        "action_time": "2022-04-04T15:13:24.073Z",
        "user": 1,
        "content_type": 20,
        "object_id": "72",
        "object_repr": "http://res.cloudinary.com/emidio-cloud/image/upload/v1649085203/rln0ffe0d4sagvlhaq0g.jpg",
        "action_flag": 1,
        "change_message": "[{\"added\": {}}]"
    }
}, {
    "model": "admin.logentry",
    "pk": 249,
    "fields": {
        "action_time": "2022-04-04T15:13:34.253Z",
        "user": 1,
        "content_type": 20,
        "object_id": "73",
        "object_repr": "http://res.cloudinary.com/emidio-cloud/image/upload/v1649085213/mtto1i1ehipslkk3ddhh.jpg",
        "action_flag": 1,
        "change_message": "[{\"added\": {}}]"
    }
}, {
    "model": "admin.logentry",
    "pk": 250,
    "fields": {
        "action_time": "2022-04-04T15:13:42.006Z",
        "user": 1,
        "content_type": 20,
        "object_id": "74",
        "object_repr": "http://res.cloudinary.com/emidio-cloud/image/upload/v1649085221/tzp1c51liexh2y8mfqke.jpg",
        "action_flag": 1,
        "change_message": "[{\"added\": {}}]"
    }
}, {
    "model": "admin.logentry",
    "pk": 251,
    "fields": {
        "action_time": "2022-04-04T15:13:47.598Z",
        "user": 1,
        "content_type": 20,
        "object_id": "75",
        "object_repr": "http://res.cloudinary.com/emidio-cloud/image/upload/v1649085227/sxtzguz4mvflggydgowb.jpg",
        "action_flag": 1,
        "change_message": "[{\"added\": {}}]"
    }
}, {
    "model": "admin.logentry",
    "pk": 252,
    "fields": {
        "action_time": "2022-04-04T15:13:52.761Z",
        "user": 1,
        "content_type": 20,
        "object_id": "76",
        "object_repr": "http://res.cloudinary.com/emidio-cloud/image/upload/v1649085232/ej6hjjt7glqylccfu5l4.jpg",
        "action_flag": 1,
        "change_message": "[{\"added\": {}}]"
    }
}, {
    "model": "admin.logentry",
    "pk": 253,
    "fields": {
        "action_time": "2022-04-04T15:13:58.462Z",
        "user": 1,
        "content_type": 20,
        "object_id": "77",
        "object_repr": "http://res.cloudinary.com/emidio-cloud/image/upload/v1649085237/hsiekmmms5vrwl8vnpgp.jpg",
        "action_flag": 1,
        "change_message": "[{\"added\": {}}]"
    }
}, {
    "model": "admin.logentry",
    "pk": 254,
    "fields": {
        "action_time": "2022-04-04T15:14:16.465Z",
        "user": 1,
        "content_type": 20,
        "object_id": "78",
        "object_repr": "http://res.cloudinary.com/emidio-cloud/image/upload/v1649085256/axicxya0c4issroscot5.jpg",
        "action_flag": 1,
        "change_message": "[{\"added\": {}}]"
    }
}, {
    "model": "admin.logentry",
    "pk": 255,
    "fields": {
        "action_time": "2022-04-04T15:14:22.265Z",
        "user": 1,
        "content_type": 20,
        "object_id": "79",
        "object_repr": "http://res.cloudinary.com/emidio-cloud/image/upload/v1649085261/f3lkxxa7asf6wbgpt6wb.jpg",
        "action_flag": 1,
        "change_message": "[{\"added\": {}}]"
    }
}, {
    "model": "admin.logentry",
    "pk": 256,
    "fields": {
        "action_time": "2022-04-04T15:14:37.425Z",
        "user": 1,
        "content_type": 20,
        "object_id": "80",
        "object_repr": "http://res.cloudinary.com/emidio-cloud/image/upload/v1649085277/ravjmwuvbfncp9xk1fex.webp",
        "action_flag": 1,
        "change_message": "[{\"added\": {}}]"
    }
}, {
    "model": "admin.logentry",
    "pk": 257,
    "fields": {
        "action_time": "2022-04-04T15:14:56.344Z",
        "user": 1,
        "content_type": 20,
        "object_id": "81",
        "object_repr": "http://res.cloudinary.com/emidio-cloud/image/upload/v1649086562/simywv9knuglcd7e3ce8.jpg",
        "action_flag": 1,
        "change_message": "[{\"added\": {}}]"
    }
}, {
    "model": "contenttypes.contenttype",
    "pk": 1,
    "fields": {
        "app_label": "admin",
        "model": "logentry"
    }
}, {
    "model": "contenttypes.contenttype",
    "pk": 2,
    "fields": {
        "app_label": "auth",
        "model": "permission"
    }
}, {
    "model": "contenttypes.contenttype",
    "pk": 3,
    "fields": {
        "app_label": "auth",
        "model": "group"
    }
}, {
    "model": "contenttypes.contenttype",
    "pk": 4,
    "fields": {
        "app_label": "auth",
        "model": "user"
    }
}, {
    "model": "contenttypes.contenttype",
    "pk": 5,
    "fields": {
        "app_label": "contenttypes",
        "model": "contenttype"
    }
}, {
    "model": "contenttypes.contenttype",
    "pk": 6,
    "fields": {
        "app_label": "sessions",
        "model": "session"
    }
}, {
    "model": "contenttypes.contenttype",
    "pk": 7,
    "fields": {
        "app_label": "account",
        "model": "emailaddress"
    }
}, {
    "model": "contenttypes.contenttype",
    "pk": 8,
    "fields": {
        "app_label": "account",
        "model": "emailconfirmation"
    }
}, {
    "model": "contenttypes.contenttype",
    "pk": 9,
    "fields": {
        "app_label": "socialaccount",
        "model": "socialaccount"
    }
}, {
    "model": "contenttypes.contenttype",
    "pk": 10,
    "fields": {
        "app_label": "socialaccount",
        "model": "socialapp"
    }
}, {
    "model": "contenttypes.contenttype",
    "pk": 11,
    "fields": {
        "app_label": "socialaccount",
        "model": "socialtoken"
    }
}, {
    "model": "contenttypes.contenttype",
    "pk": 12,
    "fields": {
        "app_label": "user",
        "model": "profile"
    }
}, {
    "model": "contenttypes.contenttype",
    "pk": 13,
    "fields": {
        "app_label": "property",
        "model": "county"
    }
}, {
    "model": "contenttypes.contenttype",
    "pk": 14,
    "fields": {
        "app_label": "property",
        "model": "district"
    }
}, {
    "model": "contenttypes.contenttype",
    "pk": 15,
    "fields": {
        "app_label": "property",
        "model": "neighborhood"
    }
}, {
    "model": "contenttypes.contenttype",
    "pk": 16,
    "fields": {
        "app_label": "property",
        "model": "property"
    }
}, {
    "model": "contenttypes.contenttype",
    "pk": 17,
    "fields": {
        "app_label": "property",
        "model": "propertyviewingdate"
    }
}, {
    "model": "contenttypes.contenttype",
    "pk": 18,
    "fields": {
        "app_label": "property",
        "model": "propertyviewingtime"
    }
}, {
    "model": "contenttypes.contenttype",
    "pk": 19,
    "fields": {
        "app_label": "property",
        "model": "propertyviewing"
    }
}, {
    "model": "contenttypes.contenttype",
    "pk": 20,
    "fields": {
        "app_label": "property",
        "model": "image"
    }
}, {
    "model": "sites.site",
    "pk": 1,
    "fields": {
        "domain": "example.com",
        "name": "example.com"
    }
}, {
    "model": "property.county",
    "pk": 1,
    "fields": {
        "name": "Dublin",
        "created_at": "2022-03-16T17:08:04.176Z",
        "updated_at": "2022-03-16T17:08:04.176Z"
    }
}, {
    "model": "property.district",
    "pk": 1,
    "fields": {
        "name": "Dublin 1",
        "county": 1,
        "created_at": "2022-03-16T17:08:15.931Z",
        "updated_at": "2022-03-16T17:08:15.931Z"
    }
}, {
    "model": "property.district",
    "pk": 2,
    "fields": {
        "name": "Dublin 2",
        "county": 1,
        "created_at": "2022-03-16T17:08:23.396Z",
        "updated_at": "2022-03-16T17:08:23.396Z"
    }
}, {
    "model": "property.district",
    "pk": 3,
    "fields": {
        "name": "Dublin 3",
        "county": 1,
        "created_at": "2022-03-16T17:08:30.076Z",
        "updated_at": "2022-03-16T17:08:30.076Z"
    }
}, {
    "model": "property.district",
    "pk": 4,
    "fields": {
        "name": "Dublin 4",
        "county": 1,
        "created_at": "2022-03-16T17:08:35.585Z",
        "updated_at": "2022-03-16T17:08:35.585Z"
    }
}, {
    "model": "property.district",
    "pk": 5,
    "fields": {
        "name": "Dublin 5",
        "county": 1,
        "created_at": "2022-03-16T17:08:44.098Z",
        "updated_at": "2022-03-16T17:08:44.098Z"
    }
}, {
    "model": "property.district",
    "pk": 6,
    "fields": {
        "name": "Dublin 6",
        "county": 1,
        "created_at": "2022-03-16T17:08:50.960Z",
        "updated_at": "2022-03-16T17:08:50.960Z"
    }
}, {
    "model": "property.district",
    "pk": 7,
    "fields": {
        "name": "Dublin 6W",
        "county": 1,
        "created_at": "2022-03-16T17:08:57.970Z",
        "updated_at": "2022-03-16T17:08:57.970Z"
    }
}, {
    "model": "property.district",
    "pk": 8,
    "fields": {
        "name": "Dublin 7",
        "county": 1,
        "created_at": "2022-03-16T17:09:04.287Z",
        "updated_at": "2022-03-16T17:09:04.287Z"
    }
}, {
    "model": "property.district",
    "pk": 9,
    "fields": {
        "name": "Dublin 8",
        "county": 1,
        "created_at": "2022-03-16T17:09:10.905Z",
        "updated_at": "2022-03-16T17:09:10.905Z"
    }
}, {
    "model": "property.district",
    "pk": 10,
    "fields": {
        "name": "Dublin 9",
        "county": 1,
        "created_at": "2022-03-16T17:09:18.846Z",
        "updated_at": "2022-03-16T17:09:18.846Z"
    }
}, {
    "model": "property.district",
    "pk": 11,
    "fields": {
        "name": "Dublin 10",
        "county": 1,
        "created_at": "2022-03-16T17:09:35.265Z",
        "updated_at": "2022-03-16T17:09:35.265Z"
    }
}, {
    "model": "property.district",
    "pk": 12,
    "fields": {
        "name": "Dublin 11",
        "county": 1,
        "created_at": "2022-03-16T17:09:40.977Z",
        "updated_at": "2022-03-16T17:09:40.977Z"
    }
}, {
    "model": "property.district",
    "pk": 13,
    "fields": {
        "name": "Dublin 12",
        "county": 1,
        "created_at": "2022-03-16T17:09:47.107Z",
        "updated_at": "2022-03-16T17:09:47.107Z"
    }
}, {
    "model": "property.district",
    "pk": 14,
    "fields": {
        "name": "Dublin 13",
        "county": 1,
        "created_at": "2022-03-16T17:09:54.452Z",
        "updated_at": "2022-03-16T17:09:54.452Z"
    }
}, {
    "model": "property.district",
    "pk": 15,
    "fields": {
        "name": "Dublin 14",
        "county": 1,
        "created_at": "2022-03-16T17:10:01.329Z",
        "updated_at": "2022-03-16T17:10:01.329Z"
    }
}, {
    "model": "property.district",
    "pk": 16,
    "fields": {
        "name": "Dublin 15",
        "county": 1,
        "created_at": "2022-03-16T17:10:08.804Z",
        "updated_at": "2022-03-16T17:10:08.804Z"
    }
}, {
    "model": "property.district",
    "pk": 17,
    "fields": {
        "name": "Dublin 16",
        "county": 1,
        "created_at": "2022-03-16T17:10:15.958Z",
        "updated_at": "2022-03-16T17:10:15.958Z"
    }
}, {
    "model": "property.district",
    "pk": 18,
    "fields": {
        "name": "Dublin 17",
        "county": 1,
        "created_at": "2022-03-16T17:10:55.525Z",
        "updated_at": "2022-03-16T17:10:55.525Z"
    }
}, {
    "model": "property.district",
    "pk": 19,
    "fields": {
        "name": "Dublin 18",
        "county": 1,
        "created_at": "2022-03-16T17:11:10.963Z",
        "updated_at": "2022-03-16T17:11:10.963Z"
    }
}, {
    "model": "property.district",
    "pk": 20,
    "fields": {
        "name": "Dublin 20",
        "county": 1,
        "created_at": "2022-03-16T17:11:17.282Z",
        "updated_at": "2022-03-16T17:11:17.283Z"
    }
}, {
    "model": "property.district",
    "pk": 21,
    "fields": {
        "name": "Dublin 22",
        "county": 1,
        "created_at": "2022-03-16T17:11:29.703Z",
        "updated_at": "2022-03-16T17:11:29.703Z"
    }
}, {
    "model": "property.district",
    "pk": 22,
    "fields": {
        "name": "Dublin 24",
        "county": 1,
        "created_at": "2022-03-16T17:11:36.867Z",
        "updated_at": "2022-03-16T17:11:36.867Z"
    }
}, {
    "model": "property.district",
    "pk": 23,
    "fields": {
        "name": "Co.Dublin",
        "county": 1,
        "created_at": "2022-03-16T17:13:29.526Z",
        "updated_at": "2022-03-16T17:13:29.526Z"
    }
}, {
    "model": "property.neighborhood",
    "pk": 1,
    "fields": {
        "name": "Sandyford",
        "district": 19,
        "created_at": "2022-03-16T17:11:54.903Z",
        "updated_at": "2022-03-16T17:11:54.903Z"
    }
}, {
    "model": "property.neighborhood",
    "pk": 2,
    "fields": {
        "name": "Booterstown",
        "district": 4,
        "created_at": "2022-03-16T17:12:19.379Z",
        "updated_at": "2022-03-16T17:12:19.379Z"
    }
}, {
    "model": "property.neighborhood",
    "pk": 3,
    "fields": {
        "name": "Swords",
        "district": 23,
        "created_at": "2022-03-16T17:13:32.052Z",
        "updated_at": "2022-03-16T17:13:32.052Z"
    }
}, {
    "model": "property.neighborhood",
    "pk": 4,
    "fields": {
        "name": "Dublin Docklands",
        "district": 1,
        "created_at": "2022-03-16T17:14:11.170Z",
        "updated_at": "2022-03-16T17:14:11.170Z"
    }
}, {
    "model": "property.neighborhood",
    "pk": 5,
    "fields": {
        "name": "Adamstown",
        "district": 23,
        "created_at": "2022-03-16T17:14:54.253Z",
        "updated_at": "2022-03-16T17:14:54.253Z"
    }
}, {
    "model": "property.neighborhood",
    "pk": 6,
    "fields": {
        "name": "Blanchardstown",
        "district": 16,
        "created_at": "2022-03-16T18:35:13.383Z",
        "updated_at": "2022-03-16T18:35:13.383Z"
    }
}, {
    "model": "property.neighborhood",
    "pk": 7,
    "fields": {
        "name": "Castleknock",
        "district": 16,
        "created_at": "2022-03-16T18:35:35.685Z",
        "updated_at": "2022-03-16T18:35:35.685Z"
    }
}, {
    "model": "property.neighborhood",
    "pk": 8,
    "fields": {
        "name": "Clonee",
        "district": 16,
        "created_at": "2022-03-16T18:35:56.181Z",
        "updated_at": "2022-03-16T18:35:56.181Z"
    }
}, {
    "model": "property.neighborhood",
    "pk": 9,
    "fields": {
        "name": "Clonsilla",
        "district": 16,
        "created_at": "2022-03-16T18:36:09.643Z",
        "updated_at": "2022-03-16T18:36:09.643Z"
    }
}, {
    "model": "property.neighborhood",
    "pk": 10,
    "fields": {
        "name": "Finglas",
        "district": 12,
        "created_at": "2022-03-16T18:36:25.300Z",
        "updated_at": "2022-03-16T18:36:25.300Z"
    }
}, {
    "model": "property.neighborhood",
    "pk": 11,
    "fields": {
        "name": "Jamestown",
        "district": 12,
        "created_at": "2022-03-16T18:36:35.877Z",
        "updated_at": "2022-03-16T18:36:35.877Z"
    }
}, {
    "model": "property.neighborhood",
    "pk": 12,
    "fields": {
        "name": "Cabra",
        "district": 8,
        "created_at": "2022-03-16T18:36:46.650Z",
        "updated_at": "2022-03-16T18:36:46.650Z"
    }
}, {
    "model": "property.neighborhood",
    "pk": 13,
    "fields": {
        "name": "Phibsborough",
        "district": 8,
        "created_at": "2022-03-16T18:37:13.507Z",
        "updated_at": "2022-03-16T18:37:13.507Z"
    }
}, {
    "model": "property.neighborhood",
    "pk": 14,
    "fields": {
        "name": "Four Courts",
        "district": 8,
        "created_at": "2022-03-16T18:37:24.863Z",
        "updated_at": "2022-03-16T18:37:24.863Z"
    }
}, {
    "model": "property.neighborhood",
    "pk": 15,
    "fields": {
        "name": "Arbour Hill",
        "district": 8,
        "created_at": "2022-03-16T18:37:32.112Z",
        "updated_at": "2022-03-16T18:37:32.112Z"
    }
}, {
    "model": "property.neighborhood",
    "pk": 16,
    "fields": {
        "name": "Beaumont",
        "district": 10,
        "created_at": "2022-03-16T18:37:46.115Z",
        "updated_at": "2022-03-16T18:37:46.115Z"
    }
}, {
    "model": "property.neighborhood",
    "pk": 17,
    "fields": {
        "name": "Drumcondra",
        "district": 10,
        "created_at": "2022-03-16T18:37:53.428Z",
        "updated_at": "2022-03-16T18:37:53.428Z"
    }
}, {
    "model": "property.neighborhood",
    "pk": 18,
    "fields": {
        "name": "Griffith Ave",
        "district": 10,
        "created_at": "2022-03-16T18:38:02.758Z",
        "updated_at": "2022-03-16T18:38:02.758Z"
    }
}, {
    "model": "property.neighborhood",
    "pk": 19,
    "fields": {
        "name": "Santry",
        "district": 10,
        "created_at": "2022-03-16T18:38:12.063Z",
        "updated_at": "2022-03-16T18:38:12.063Z"
    }
}, {
    "model": "property.neighborhood",
    "pk": 20,
    "fields": {
        "name": "Whitehall",
        "district": 10,
        "created_at": "2022-03-16T18:38:20.699Z",
        "updated_at": "2022-03-16T18:38:20.699Z"
    }
}, {
    "model": "property.neighborhood",
    "pk": 21,
    "fields": {
        "name": "Howth",
        "district": 14,
        "created_at": "2022-03-16T18:38:34.926Z",
        "updated_at": "2022-03-16T18:38:34.926Z"
    }
}, {
    "model": "property.neighborhood",
    "pk": 22,
    "fields": {
        "name": "Sutton",
        "district": 14,
        "created_at": "2022-03-16T18:38:48.766Z",
        "updated_at": "2022-03-16T18:38:48.766Z"
    }
}, {
    "model": "property.neighborhood",
    "pk": 23,
    "fields": {
        "name": "Bayside",
        "district": 14,
        "created_at": "2022-03-16T18:38:57.706Z",
        "updated_at": "2022-03-16T18:38:57.706Z"
    }
}, {
    "model": "property.neighborhood",
    "pk": 24,
    "fields": {
        "name": "Fairview",
        "district": 3,
        "created_at": "2022-03-16T18:39:20.150Z",
        "updated_at": "2022-03-16T18:39:20.150Z"
    }
}, {
    "model": "property.neighborhood",
    "pk": 25,
    "fields": {
        "name": "East Wall",
        "district": 3,
        "created_at": "2022-03-16T18:39:29.678Z",
        "updated_at": "2022-03-16T18:39:29.678Z"
    }
}, {
    "model": "property.neighborhood",
    "pk": 26,
    "fields": {
        "name": "Clontarf",
        "district": 3,
        "created_at": "2022-03-16T18:39:40.404Z",
        "updated_at": "2022-03-16T18:39:40.404Z"
    }
}, {
    "model": "property.neighborhood",
    "pk": 27,
    "fields": {
        "name": "Marino",
        "district": 3,
        "created_at": "2022-03-16T18:39:52.468Z",
        "updated_at": "2022-03-16T18:39:52.468Z"
    }
}, {
    "model": "property.neighborhood",
    "pk": 28,
    "fields": {
        "name": "Abbey St.",
        "district": 1,
        "created_at": "2022-03-16T18:39:59.410Z",
        "updated_at": "2022-03-16T18:39:59.410Z"
    }
}, {
    "model": "property.neighborhood",
    "pk": 29,
    "fields": {
        "name": "Capel St.",
        "district": 1,
        "created_at": "2022-03-16T18:40:07.461Z",
        "updated_at": "2022-03-16T18:40:07.461Z"
    }
}, {
    "model": "property.neighborhood",
    "pk": 30,
    "fields": {
        "name": "Dorset St.",
        "district": 1,
        "created_at": "2022-03-16T18:40:14.705Z",
        "updated_at": "2022-03-16T18:40:14.705Z"
    }
}, {
    "model": "property.neighborhood",
    "pk": 31,
    "fields": {
        "name": "Henry St.",
        "district": 1,
        "created_at": "2022-03-16T18:40:24.775Z",
        "updated_at": "2022-03-16T18:40:24.775Z"
    }
}, {
    "model": "property.neighborhood",
    "pk": 32,
    "fields": {
        "name": "O'Connell St.",
        "district": 1,
        "created_at": "2022-03-16T18:40:50.779Z",
        "updated_at": "2022-03-16T18:40:50.779Z"
    }
}, {
    "model": "property.neighborhood",
    "pk": 33,
    "fields": {
        "name": "Parnell Sq.",
        "district": 1,
        "created_at": "2022-03-16T18:40:57.180Z",
        "updated_at": "2022-03-16T18:40:57.180Z"
    }
}, {
    "model": "property.neighborhood",
    "pk": 34,
    "fields": {
        "name": "Talbot St.",
        "district": 1,
        "created_at": "2022-03-16T18:41:05.272Z",
        "updated_at": "2022-03-16T18:41:05.272Z"
    }
}, {
    "model": "property.neighborhood",
    "pk": 35,
    "fields": {
        "name": "Summerhill",
        "district": 1,
        "created_at": "2022-03-16T18:41:14.609Z",
        "updated_at": "2022-03-16T18:41:14.609Z"
    }
}, {
    "model": "property.neighborhood",
    "pk": 36,
    "fields": {
        "name": "Dolphins Barn",
        "district": 9,
        "created_at": "2022-03-16T18:41:50.489Z",
        "updated_at": "2022-03-16T18:41:50.489Z"
    }
}, {
    "model": "property.neighborhood",
    "pk": 37,
    "fields": {
        "name": "Inchicore",
        "district": 9,
        "created_at": "2022-03-16T18:41:59.324Z",
        "updated_at": "2022-03-16T18:41:59.324Z"
    }
}, {
    "model": "property.neighborhood",
    "pk": 38,
    "fields": {
        "name": "Kilmainham",
        "district": 9,
        "created_at": "2022-03-16T18:42:09.344Z",
        "updated_at": "2022-03-16T18:42:09.344Z"
    }
}, {
    "model": "property.neighborhood",
    "pk": 39,
    "fields": {
        "name": "Portobello",
        "district": 9,
        "created_at": "2022-03-16T18:42:17.139Z",
        "updated_at": "2022-03-16T18:42:17.139Z"
    }
}, {
    "model": "property.neighborhood",
    "pk": 40,
    "fields": {
        "name": "Cork St.",
        "district": 9,
        "created_at": "2022-03-16T18:42:25.458Z",
        "updated_at": "2022-03-16T18:42:25.458Z"
    }
}, {
    "model": "property.neighborhood",
    "pk": 41,
    "fields": {
        "name": "Ballsbridge",
        "district": 4,
        "created_at": "2022-03-16T18:42:34.947Z",
        "updated_at": "2022-03-16T18:42:34.947Z"
    }
}, {
    "model": "property.neighborhood",
    "pk": 42,
    "fields": {
        "name": "Donnybrook",
        "district": 4,
        "created_at": "2022-03-16T18:42:43.060Z",
        "updated_at": "2022-03-16T18:42:43.060Z"
    }
}, {
    "model": "property.neighborhood",
    "pk": 43,
    "fields": {
        "name": "Merrion",
        "district": 4,
        "created_at": "2022-03-16T18:42:54.511Z",
        "updated_at": "2022-03-16T18:42:54.511Z"
    }
}, {
    "model": "property.neighborhood",
    "pk": 44,
    "fields": {
        "name": "Pembroke",
        "district": 4,
        "created_at": "2022-03-16T18:43:02.451Z",
        "updated_at": "2022-03-16T18:43:02.451Z"
    }
}, {
    "model": "property.neighborhood",
    "pk": 45,
    "fields": {
        "name": "Sandymount",
        "district": 4,
        "created_at": "2022-03-16T18:43:14.992Z",
        "updated_at": "2022-03-16T18:43:14.992Z"
    }
}, {
    "model": "property.neighborhood",
    "pk": 46,
    "fields": {
        "name": "Baggot St.",
        "district": 4,
        "created_at": "2022-03-16T18:43:28.274Z",
        "updated_at": "2022-03-16T18:43:28.274Z"
    }
}, {
    "model": "property.neighborhood",
    "pk": 47,
    "fields": {
        "name": "Ranelagh",
        "district": 6,
        "created_at": "2022-03-16T18:43:58.594Z",
        "updated_at": "2022-03-16T18:43:58.594Z"
    }
}, {
    "model": "property.neighborhood",
    "pk": 48,
    "fields": {
        "name": "Rathmines",
        "district": 6,
        "created_at": "2022-03-16T18:44:20.837Z",
        "updated_at": "2022-03-16T18:44:20.837Z"
    }
}, {
    "model": "property.propertyviewingdate",
    "pk": 1,
    "fields": {
        "day_of_viewing": "Monday",
        "created_at": "2022-03-16T17:15:09.753Z",
        "updated_at": "2022-03-16T17:15:09.753Z"
    }
}, {
    "model": "property.propertyviewingdate",
    "pk": 2,
    "fields": {
        "day_of_viewing": "Tuesday",
        "created_at": "2022-03-16T17:15:16.729Z",
        "updated_at": "2022-03-16T17:15:16.729Z"
    }
}, {
    "model": "property.propertyviewingdate",
    "pk": 3,
    "fields": {
        "day_of_viewing": "Wednesday",
        "created_at": "2022-03-16T17:15:28.248Z",
        "updated_at": "2022-03-16T17:15:28.249Z"
    }
}, {
    "model": "property.propertyviewingdate",
    "pk": 4,
    "fields": {
        "day_of_viewing": "Thursday",
        "created_at": "2022-03-16T17:15:31.641Z",
        "updated_at": "2022-03-16T17:15:31.641Z"
    }
}, {
    "model": "property.propertyviewingdate",
    "pk": 5,
    "fields": {
        "day_of_viewing": "Friday",
        "created_at": "2022-03-16T17:15:37.516Z",
        "updated_at": "2022-03-16T17:15:37.516Z"
    }
}, {
    "model": "property.propertyviewingdate",
    "pk": 6,
    "fields": {
        "day_of_viewing": "Saturday",
        "created_at": "2022-03-16T17:15:46.391Z",
        "updated_at": "2022-03-16T17:15:46.391Z"
    }
}, {
    "model": "property.propertyviewingdate",
    "pk": 7,
    "fields": {
        "day_of_viewing": "Sunday",
        "created_at": "2022-03-16T17:15:50.406Z",
        "updated_at": "2022-03-16T17:15:50.406Z"
    }
}, {
    "model": "property.propertyviewingtime",
    "pk": 1,
    "fields": {
        "time_of_viewing": "09:00:00",
        "created_at": "2022-03-16T17:16:01.957Z",
        "updated_at": "2022-03-16T17:16:01.957Z"
    }
}, {
    "model": "property.propertyviewingtime",
    "pk": 2,
    "fields": {
        "time_of_viewing": "09:30:00",
        "created_at": "2022-03-16T17:16:12.082Z",
        "updated_at": "2022-03-16T17:16:12.082Z"
    }
}, {
    "model": "property.propertyviewingtime",
    "pk": 3,
    "fields": {
        "time_of_viewing": "10:00:00",
        "created_at": "2022-03-16T17:16:19.092Z",
        "updated_at": "2022-03-16T17:16:19.092Z"
    }
}, {
    "model": "property.propertyviewingtime",
    "pk": 4,
    "fields": {
        "time_of_viewing": "10:30:00",
        "created_at": "2022-03-16T17:16:27.400Z",
        "updated_at": "2022-03-16T17:16:27.400Z"
    }
}, {
    "model": "property.propertyviewingtime",
    "pk": 5,
    "fields": {
        "time_of_viewing": "11:00:00",
        "created_at": "2022-03-16T17:16:32.840Z",
        "updated_at": "2022-03-16T17:16:32.840Z"
    }
}, {
    "model": "property.propertyviewingtime",
    "pk": 6,
    "fields": {
        "time_of_viewing": "11:30:00",
        "created_at": "2022-03-16T17:16:43.856Z",
        "updated_at": "2022-03-16T17:16:43.856Z"
    }
}, {
    "model": "property.propertyviewingtime",
    "pk": 7,
    "fields": {
        "time_of_viewing": "12:00:00",
        "created_at": "2022-03-16T17:16:49.804Z",
        "updated_at": "2022-03-16T17:16:49.804Z"
    }
}, {
    "model": "property.propertyviewingtime",
    "pk": 8,
    "fields": {
        "time_of_viewing": "12:30:00",
        "created_at": "2022-03-16T17:16:55.611Z",
        "updated_at": "2022-03-16T17:16:55.611Z"
    }
}, {
    "model": "property.propertyviewingtime",
    "pk": 9,
    "fields": {
        "time_of_viewing": "14:00:00",
        "created_at": "2022-03-16T17:17:03.847Z",
        "updated_at": "2022-03-16T17:17:03.847Z"
    }
}, {
    "model": "property.propertyviewingtime",
    "pk": 10,
    "fields": {
        "time_of_viewing": "14:30:00",
        "created_at": "2022-03-16T17:17:09.787Z",
        "updated_at": "2022-03-16T17:17:09.787Z"
    }
}, {
    "model": "property.propertyviewingtime",
    "pk": 11,
    "fields": {
        "time_of_viewing": "15:00:00",
        "created_at": "2022-03-16T17:17:14.702Z",
        "updated_at": "2022-03-16T17:17:14.702Z"
    }
}, {
    "model": "property.propertyviewingtime",
    "pk": 12,
    "fields": {
        "time_of_viewing": "15:30:00",
        "created_at": "2022-03-16T17:17:19.675Z",
        "updated_at": "2022-03-16T17:17:19.675Z"
    }
}, {
    "model": "property.propertyviewingtime",
    "pk": 13,
    "fields": {
        "time_of_viewing": "16:00:00",
        "created_at": "2022-03-16T17:17:24.796Z",
        "updated_at": "2022-03-16T17:17:24.796Z"
    }
}, {
    "model": "property.propertyviewingtime",
    "pk": 14,
    "fields": {
        "time_of_viewing": "16:30:00",
        "created_at": "2022-03-16T17:17:29.801Z",
        "updated_at": "2022-03-16T17:17:29.801Z"
    }
}, {
    "model": "property.propertyviewingtime",
    "pk": 15,
    "fields": {
        "time_of_viewing": "17:00:00",
        "created_at": "2022-03-16T17:17:34.263Z",
        "updated_at": "2022-03-16T17:17:34.263Z"
    }
}, {
    "model": "property.propertyviewingtime",
    "pk": 16,
    "fields": {
        "time_of_viewing": "17:30:00",
        "created_at": "2022-03-16T17:17:39.241Z",
        "updated_at": "2022-03-16T17:17:39.241Z"
    }
}, {
    "model": "property.propertyviewingtime",
    "pk": 17,
    "fields": {
        "time_of_viewing": "18:00:00",
        "created_at": "2022-03-16T17:17:44.057Z",
        "updated_at": "2022-03-16T17:17:44.057Z"
    }
}, {
    "model": "property.propertyviewingtime",
    "pk": 18,
    "fields": {
        "time_of_viewing": "18:30:00",
        "created_at": "2022-03-16T17:17:49.770Z",
        "updated_at": "2022-03-16T17:17:49.770Z"
    }
}, {
    "model": "property.image",
    "pk": 1,
    "fields": {
        "image": "image/upload/v1649084919/jx0sl68obioimwt56zib.jpg"
    }
}, {
    "model": "property.image",
    "pk": 2,
    "fields": {
        "image": "image/upload/v1649084933/whgmdfz5r0dtghsr30bz.jpg"
    }
}, {
    "model": "property.image",
    "pk": 3,
    "fields": {
        "image": "image/upload/v1649084940/eluik6mn3fpdierdqlvu.jpg"
    }
}, {
    "model": "property.image",
    "pk": 4,
    "fields": {
        "image": "image/upload/v1649084946/ue0gn2ut5afs1lvcqjuj.jpg"
    }
}, {
    "model": "property.image",
    "pk": 5,
    "fields": {
        "image": "image/upload/v1649084952/xvfeb8kh3udwwrqmpdcs.jpg"
    }
}, {
    "model": "property.image",
    "pk": 6,
    "fields": {
        "image": "image/upload/v1649084962/v2z6kmd2zpzwecyzn0ki.jpg"
    }
}, {
    "model": "property.image",
    "pk": 7,
    "fields": {
        "image": "image/upload/v1649084968/sklvhmyggpichjjq0wg7.jpg"
    }
}, {
    "model": "property.image",
    "pk": 8,
    "fields": {
        "image": "image/upload/v1649084974/nkp8uenqlbwswanatdcd.jpg"
    }
}, {
    "model": "property.image",
    "pk": 9,
    "fields": {
        "image": "image/upload/v1649084980/bzvay7aautdclwf0qq3y.jpg"
    }
}, {
    "model": "property.image",
    "pk": 10,
    "fields": {
        "image": "image/upload/v1649084986/ksruf4cyxodi2oloebed.jpg"
    }
}, {
    "model": "property.image",
    "pk": 11,
    "fields": {
        "image": "image/upload/v1649085000/cr92low9mkelmgtjfqt8.jpg"
    }
}, {
    "model": "property.image",
    "pk": 12,
    "fields": {
        "image": "image/upload/v1649085012/t7jsircy0apjww1oacqy.jpg"
    }
}, {
    "model": "property.image",
    "pk": 13,
    "fields": {
        "image": "image/upload/v1649085040/c6knlmgibeehcbzcjvbx.jpg"
    }
}, {
    "model": "property.image",
    "pk": 14,
    "fields": {
        "image": "image/upload/v1649085048/ka4wkgufbxxxnqeerqd8.jpg"
    }
}, {
    "model": "property.image",
    "pk": 15,
    "fields": {
        "image": "image/upload/v1649085058/ammj5mt7ndfmndpelgzq.jpg"
    }
}, {
    "model": "property.image",
    "pk": 16,
    "fields": {
        "image": "image/upload/v1649085070/ektcdkoood2lnkjhzcnf.jpg"
    }
}, {
    "model": "property.image",
    "pk": 17,
    "fields": {
        "image": "image/upload/v1649085078/k2hrrsjhtzyzi1vnzezg.jpg"
    }
}, {
    "model": "property.image",
    "pk": 18,
    "fields": {
        "image": "image/upload/v1649085086/uwfa4qfwiuphbzzkvskw.jpg"
    }
}, {
    "model": "property.image",
    "pk": 19,
    "fields": {
        "image": "image/upload/v1649085092/vodwc5rkp3blzfvg4kbj.jpg"
    }
}, {
    "model": "property.image",
    "pk": 20,
    "fields": {
        "image": "image/upload/v1649085100/t4tpse6vglvzzojshkst.jpg"
    }
}, {
    "model": "property.image",
    "pk": 21,
    "fields": {
        "image": "image/upload/v1649085107/x37or0xiq8pr8inul2oa.jpg"
    }
}, {
    "model": "property.image",
    "pk": 22,
    "fields": {
        "image": "image/upload/v1649085114/rpux0mswtjh8gvhrnkvi.jpg"
    }
}, {
    "model": "property.image",
    "pk": 23,
    "fields": {
        "image": "image/upload/v1649085127/eqlix0vwjm7bvbz6fqcp.jpg"
    }
}, {
    "model": "property.image",
    "pk": 24,
    "fields": {
        "image": "image/upload/v1649085134/t1gtfg7ptnk2ceqmnbmm.jpg"
    }
}, {
    "model": "property.image",
    "pk": 25,
    "fields": {
        "image": "image/upload/v1649085159/dvucjokkvs57afcushtw.jpg"
    }
}, {
    "model": "property.image",
    "pk": 26,
    "fields": {
        "image": "image/upload/v1649085167/bjizswtcjtkpa39olcck.jpg"
    }
}, {
    "model": "property.image",
    "pk": 27,
    "fields": {
        "image": "image/upload/v1649085175/m2kgduqmvinmaimb06vj.jpg"
    }
}, {
    "model": "property.image",
    "pk": 28,
    "fields": {
        "image": "image/upload/v1649085182/npidgz9hsswa0f4yvvw2.jpg"
    }
}, {
    "model": "property.image",
    "pk": 29,
    "fields": {
        "image": "image/upload/v1649085203/rln0ffe0d4sagvlhaq0g.jpg"
    }
}, {
    "model": "property.image",
    "pk": 30,
    "fields": {
        "image": "image/upload/v1649085213/mtto1i1ehipslkk3ddhh.jpg"
    }
}, {
    "model": "property.image",
    "pk": 31,
    "fields": {
        "image": "image/upload/v1649085221/tzp1c51liexh2y8mfqke.jpg"
    }
}, {
    "model": "property.image",
    "pk": 32,
    "fields": {
        "image": "image/upload/v1649085227/sxtzguz4mvflggydgowb.jpg"
    }
}, {
    "model": "property.image",
    "pk": 33,
    "fields": {
        "image": "image/upload/v1649085232/ej6hjjt7glqylccfu5l4.jpg"
    }
}, {
    "model": "property.image",
    "pk": 34,
    "fields": {
        "image": "image/upload/v1649085237/hsiekmmms5vrwl8vnpgp.jpg"
    }
}, {
    "model": "property.image",
    "pk": 35,
    "fields": {
        "image": "image/upload/v1649085256/axicxya0c4issroscot5.jpg"
    }
}, {
    "model": "property.image",
    "pk": 36,
    "fields": {
        "image": "image/upload/v1649085261/f3lkxxa7asf6wbgpt6wb.jpg"
    }
}, {
    "model": "property.image",
    "pk": 37,
    "fields": {
        "image": "image/upload/v1649085277/ravjmwuvbfncp9xk1fex.webp"
    }
}, {
    "model": "property.image",
    "pk": 38,
    "fields": {
        "image": "image/upload/placeholder"
    }
}, {
    "model": "property.property",
    "pk": 1,
    "fields": {
        "property_name": "Abbey View, Sandyford",
        "slug": "abbey-view-sandyford",
        "propert_address": "Abbey View, Sandyford, Dublin 18",
        "neighborhood": 1,
        "district": 19,
        "county": 1,
        "description": "The location is one of great convenience, less than a 5-minute walk to Sandyford Village. An excellent choice of shopping amenities and premier schools.",
        "property_category": 2,
        "property_type": 3,
        "property_price": 2950,
        "bedrooms": 5,
        "bathrooms": 4,
        "metreage": 168.0,
        "created_at": "2022-03-16T17:19:25.263Z",
        "updated_at": "2022-03-16T17:19:25.263Z",
        "image": [1, 2, 3],
        "viewing_date": [1, 2, 3, 4, 5],
        "viewing_time": [3, 5, 7, 9, 11]
    }
}, {
    "model": "property.property",
    "pk": 2,
    "fields": {
        "property_name": "Ivy House, Booterstown",
        "slug": "ivy-house-booterstown",
        "propert_address": "Ivy House, Booterstown, Dublin 4",
        "neighborhood": 2,
        "district": 4,
        "county": 1,
        "description": "A semi- detached family home, nicely positioned on this tree-lined residential road in the heart of Booterstown, between the N11 and the Rock Road.",
        "property_category": 2,
        "property_type": 3,
        "property_price": 2499,
        "bedrooms": 3,
        "bathrooms": 2,
        "metreage": 115.0,
        "created_at": "2022-03-16T17:20:37.380Z",
        "updated_at": "2022-03-16T17:20:37.380Z",
        "image": [4, 5, 6],
        "viewing_date": [1, 3, 5],
        "viewing_time": [1, 2, 3, 4, 5, 6, 7, 8, 9]
    }
}, {
    "model": "property.property",
    "pk": 3,
    "fields": {
        "property_name": "Quayside Quarter, Swords",
        "slug": "quayside-quarter-swords",
        "propert_address": "Quayside Quarter, Swords, Co. Dublin",
        "neighborhood": 3,
        "district": 23,
        "county": 1,
        "description": "Designed to refine the work life balance, the Residents' Lounge is an elegant and considered space designed to meet the needs of its residents.",
        "property_category": 2,
        "property_type": 3,
        "property_price": 3245,
        "bedrooms": 2,
        "bathrooms": 2,
        "metreage": 100.0,
        "created_at": "2022-03-16T17:21:40.335Z",
        "updated_at": "2022-03-16T17:21:40.335Z",
        "image": [7, 8, 9],
        "viewing_date": [5, 6],
        "viewing_time": [13, 14, 15, 16, 17, 18]
    }
}, {
    "model": "property.property",
    "pk": 4,
    "fields": {
        "property_name": "North Wall Quay, Dublin 1",
        "slug": "north-wall-quay-dublin-1",
        "propert_address": "Dublin Docklands, North Wall Quay, Dublin 1",
        "neighborhood": 4,
        "district": 1,
        "county": 1,
        "description": "Greystar is delighted to introduce Quayside Quarter, the residential component of Dublin Landings at North Wall Quay.",
        "property_category": 2,
        "property_type": 3,
        "property_price": 1950,
        "bedrooms": 3,
        "bathrooms": 3,
        "metreage": 315.0,
        "created_at": "2022-03-16T17:22:45.179Z",
        "updated_at": "2022-03-16T17:22:45.179Z",
        "image": [10, 11, 12],
        "viewing_date": [1, 5, 6],
        "viewing_time": [1, 2, 3, 4, 5, 6, 7, 8, 9, 10, 11, 12, 13, 14, 15]
    }
}, {
    "model": "property.property",
    "pk": 5,
    "fields": {
        "property_name": "Adamstown, Lucan",
        "slug": "adamstown-lucan",
        "propert_address": "Adamstown, Lucan, Co. Dublin",
        "neighborhood": 5,
        "district": 23,
        "county": 1,
        "description": "With excellent transport links within walking distance, Adamstown is within easy reach of Dublin City centre by train, bus or car and is a location set up for all modern needs.",
        "property_category": 2,
        "property_type": 3,
        "property_price": 1750,
        "bedrooms": 3,
        "bathrooms": 2,
        "metreage": 98.0,
        "created_at": "2022-03-16T17:24:29.143Z",
        "updated_at": "2022-03-16T17:24:29.143Z",
        "image": [13, 14, 15],
        "viewing_date": [1, 2, 3, 4],
        "viewing_time": [1, 2, 3, 4, 5, 6, 7, 8, 9, 10, 11, 12, 13]
    }
}, {
    "model": "property.property",
    "pk": 6,
    "fields": {
        "property_name": "Sandyford Village, Sandyford",
        "slug": "sandyford-village-sandyford-dublin-18",
        "propert_address": "80 Sandyford Village, Sandyford, Dublin 18",
        "neighborhood": 1,
        "district": 19,
        "county": 1,
        "description": "Perfectly suited to families, these en-suite rooms come with small double bed, study space, oodles of storage and your own en-suite bathroom.",
        "property_category": 2,
        "property_type": 3,
        "property_price": 2850,
        "bedrooms": 3,
        "bathrooms": 3,
        "metreage": 98.0,
        "created_at": "2022-03-16T17:24:29.143Z",
        "updated_at": "2022-03-16T17:24:29.143Z",
        "image": [16, 17, 18],
        "viewing_date": [1, 2, 3, 4],
        "viewing_time": [1, 2, 3, 4, 5, 6, 7, 8, 9, 10, 11, 12, 13]
    }
}, {
    "model": "property.property",
    "pk": 7,
    "fields": {
        "property_name": "Sandyford Downs, Sandyford",
        "slug": "sandyford-downs-sandyford-dublin-18",
        "propert_address": "Sandyford Downs, Sandyford, Dublin 18",
        "neighborhood": 1,
        "district": 19,
        "county": 1,
        "description": "Just recently fully refurbished in 2021, this house has been finish to a high contemporary standard with neutral coloured walls throughout.",
        "property_category": 2,
        "property_type": 3,
        "property_price": 1715,
        "bedrooms": 3,
        "bathrooms": 3,
        "metreage": 56.0,
        "created_at": "2022-03-16T17:24:29.143Z",
        "updated_at": "2022-03-16T17:24:29.143Z",
        "image": [19, 20, 21],
        "viewing_date": [1, 2, 3, 4],
        "viewing_time": [1, 2, 3, 4, 5, 6, 7, 8, 9, 10, 11, 12, 13]
    }
}, {
    "model": "property.property",
    "pk": 8,
    "fields": {
        "property_name": "St Helens Road, Booterstown",
        "slug": "st-helens-road-booterstown-dublin-4",
        "propert_address": "92 St Helens Road, Booterstown, Dublin 4",
        "neighborhood": 2,
        "district": 4,
        "county": 1,
        "description": "Brand new, spacious and fully furnished houses with a dedicated concierge, onsite gym, landscaped gardens and other unique communal break-out areas.",
        "property_category": 2,
        "property_type": 3,
        "property_price": 4250,
        "bedrooms": 5,
        "bathrooms": 3,
        "metreage": 125.0,
        "created_at": "2022-03-16T17:24:29.143Z",
        "updated_at": "2022-03-16T17:24:29.143Z",
        "image": [22, 23, 24],
        "viewing_date": [1, 2, 3, 4],
        "viewing_time": [1, 2, 3, 4, 5, 6, 7, 8, 9, 10, 11, 12, 13]
    }
}, {
    "model": "property.property",
    "pk": 9,
    "fields": {
        "property_name": "Castleview Heights, Swords",
        "slug": "castleview-heights-swords-dublin",
        "propert_address": "17 Castleview Heights, Swords, Co. Dublin",
        "neighborhood": 3,
        "district": 23,
        "county": 1,
        "description": "The abundance of spacious and well-proportioned light, filled accommodation offers the perfect balance of a large open-plan living space complete with generous patio area.",
        "property_category": 2,
        "property_type": 3,
        "property_price": 2100,
        "bedrooms": 2,
        "bathrooms": 1,
        "metreage": 57.0,
        "created_at": "2022-03-16T17:24:29.143Z",
        "updated_at": "2022-03-16T17:24:29.143Z",
        "image": [25, 26, 27],
        "viewing_date": [1, 2, 3, 4],
        "viewing_time": [1, 2, 3, 4, 5, 6, 7, 8, 9, 10, 11, 12, 13]
    }
}, {
    "model": "property.property",
    "pk": 10,
    "fields": {
        "property_name": "Shandon Park, Phibsborough",
        "slug": "shandon-park-phibsborough-dublin-7",
        "propert_address": "Shandon Park, Phibsborough, Dublin 7",
        "neighborhood": 13,
        "district": 8,
        "county": 1,
        "description": "Shandon Park is a dynamic collection of apartments to rent in the heart of vibrant Dublin 7, a stone's throw from the city centre.",
        "property_category": 2,
        "property_type": 3,
        "property_price": 1125,
        "bedrooms": 1,
        "bathrooms": 1,
        "metreage": 48.0,
        "created_at": "2022-03-16T17:24:29.143Z",
        "updated_at": "2022-03-16T17:24:29.143Z",
        "image": [28, 29, 30],
        "viewing_date": [1, 2, 3, 4],
        "viewing_time": [1, 2, 3, 4, 5, 6, 7, 8, 9, 10, 11, 12, 13]
    }
}, {
    "model": "property.property",
    "pk": 11,
    "fields": {
        "property_name": "Saint Joseph's Avenue, Drumcondra",
        "slug": "saint-josephs-avenue-drumcondra-dublin-3",
        "propert_address": "Saint Joseph's Avenue, Drumcondra, Dublin 3",
        "neighborhood": 17,
        "district": 10,
        "county": 1,
        "description": "Meticulously designed and furnished for modern living. Homes are spacious and bright, with high ceilings and large windows that increase natural light.",
        "property_category": 2,
        "property_type": 3,
        "property_price": 1925,
        "bedrooms": 2,
        "bathrooms": 1,
        "metreage": 66.0,
        "created_at": "2022-03-16T17:24:29.143Z",
        "updated_at": "2022-03-16T17:24:29.143Z",
        "image": [31, 32, 33],
        "viewing_date": [1, 2, 3, 4],
        "viewing_time": [1, 2, 3, 4, 5, 6, 7, 8, 9, 10, 11, 12, 13]
    }
}, {
    "model": "property.property",
    "pk": 12,
    "fields": {
        "property_name": "Grosvenor Lane, Rathmines",
        "slug": "grosvenor-lane-rathmines-dublin-6",
        "propert_address": "Grosvenor Lane, Rathmines, Dublin 6",
        "neighborhood": 48,
        "district": 6,
        "county": 1,
        "description": "The Residences are located in Ireland's premium mixed use development, Number One Ballsbridge, in the heart of Ireland's embassy belt and its pre-eminent residential location.",
        "property_category": 2,
        "property_type": 3,
        "property_price": 2950,
        "bedrooms": 3,
        "bathrooms": 2,
        "metreage": 87.0,
        "created_at": "2022-03-16T17:24:29.143Z",
        "updated_at": "2022-03-16T17:24:29.143Z",
        "image": [34, 35, 36],
        "viewing_date": [1, 2, 3, 4],
        "viewing_time": [1, 2, 3, 4, 5, 6, 7, 8, 9, 10, 11, 12, 13]
    }
}, {
    "model": "property.property",
    "pk": 13,
    "fields": {
        "property_name": "Northbrook, Ranelagh",
        "slug": "northbrook-villasnorthbrook-road-ranelagh-dublin-6",
        "propert_address": "5 Northbrook VillasNorthbrook Road, Ranelagh, Dublin 6",
        "neighborhood": 47,
        "district": 6,
        "county": 1,
        "description": "Our Premium Ensuite rooms are designed to give you everything you need for student life in a cosy environment.",
        "property_category": 2,
        "property_type": 3,
        "property_price": 1980,
        "bedrooms": 1,
        "bathrooms": 1,
        "metreage": 55.0,
        "created_at": "2022-03-16T17:24:29.143Z",
        "updated_at": "2022-03-16T17:24:29.143Z",
        "image": [37, 1, 2],
        "viewing_date": [1, 2, 3, 4],
        "viewing_time": [1, 2, 3, 4, 5, 6, 7, 8, 9, 10, 11, 12, 13]
    }
}, {
    "model": "property.property",
    "pk": 14,
    "fields": {
        "property_name": "Lansdowne Village, Sandymount",
        "slug": "lansdowne-village-sandymount-dublin-4",
        "propert_address": "3 Lansdowne Village, Sandymount, Dublin 4",
        "neighborhood": 45,
        "district": 4,
        "county": 1,
        "description": "Dublin Inn introduce this 4 bed 3 bathroom house to the market. Situated in this well-established residential development on Lansdowne Village.",
        "property_category": 2,
        "property_type": 3,
        "property_price": 3100,
        "bedrooms": 4,
        "bathrooms": 3,
        "metreage": 98.0,
        "created_at": "2022-03-16T17:24:29.143Z",
        "updated_at": "2022-03-16T17:24:29.143Z",
        "image": [3, 4, 5],
        "viewing_date": [1, 2, 3, 4],
        "viewing_time": [1, 2, 3, 4, 5, 6, 7, 8, 9, 10, 11, 12, 13]
    }
}, {
    "model": "property.property",
    "pk": 15,
    "fields": {
        "property_name": "The Close, Beaumont",
        "slug": "the-close-beaumont-woods-beaumont-dublin-9",
        "propert_address": "21 The Close, Beaumont Woods, Beaumont, Dublin 9",
        "neighborhood": 16,
        "district": 10,
        "county": 1,
        "description": "In a desirable leafy location that's conveniently connected to Dublin City, The Close has the peace and quiet of a suburban setting with all the benefits of modern living.",
        "property_category": 2,
        "property_type": 3,
        "property_price": 1950,
        "bedrooms": 2,
        "bathrooms": 2,
        "metreage": 67.0,
        "created_at": "2022-03-16T17:24:29.143Z",
        "updated_at": "2022-03-16T17:24:29.143Z",
        "image": [6, 7, 8],
        "viewing_date": [1, 2, 3, 4],
        "viewing_time": [1, 2, 3, 4, 5, 6, 7, 8, 9, 10, 11, 12, 13]
    }
}, {
    "model": "property.property",
    "pk": 16,
    "fields": {
        "property_name": "Shanard Road, Santry",
        "slug": "shanard-road-santry-dublin-9",
        "propert_address": "52 Shanard Road, Santry, Dublin 9",
        "neighborhood": 19,
        "district": 10,
        "county": 1,
        "description": "The accommodation includes one large double bedroom, bathroom, and a large open-plan kitchen/dining-room and living area with access to private balcony.",
        "property_category": 2,
        "property_type": 3,
        "property_price": 1345,
        "bedrooms": 2,
        "bathrooms": 2,
        "metreage": 59.0,
        "created_at": "2022-03-16T17:24:29.143Z",
        "updated_at": "2022-03-16T17:24:29.143Z",
        "image": [9, 10, 11],
        "viewing_date": [1, 2, 3, 4],
        "viewing_time": [1, 2, 3, 4, 5, 6, 7, 8, 9, 10, 11, 12, 13]
    }
}, {
    "model": "property.property",
    "pk": 17,
    "fields": {
        "property_name": "Seaview, Clontarf",
        "slug": "seaview-hollybrook-road-clontarf-dublin-3",
        "propert_address": "3 seaview hollybrook road clontarf, Clontarf, Dublin 3",
        "neighborhood": 26,
        "district": 3,
        "county": 1,
        "description": "The perfect student home! All the same great features as the Single Non En Suite, but on the ground floor!",
        "property_category": 2,
        "property_type": 3,
        "property_price": 1125,
        "bedrooms": 1,
        "bathrooms": 1,
        "metreage": 45.0,
        "created_at": "2022-03-16T17:24:29.143Z",
        "updated_at": "2022-03-16T17:24:29.143Z",
        "image": [12, 13, 14],
        "viewing_date": [1, 2, 3, 4],
        "viewing_time": [1, 2, 3, 4, 5, 6, 7, 8, 9, 10, 11, 12, 13]
    }
}, {
    "model": "property.property",
    "pk": 18,
    "fields": {
        "property_name": "Marino Park, Marino",
        "slug": "marino-park-avenue-marino-dublin-3",
        "propert_address": "19 Marino Park Avenue, Marino, Dublin 3",
        "neighborhood": 27,
        "district": 3,
        "county": 1,
        "description": "Measuring circa 73qm the accommodation in brief comprises entrance hallway leads to open plan Kitchen/Dining/Living Room with door to private enclosed Winter Garden.",
        "property_category": 2,
        "property_type": 3,
        "property_price": 1730,
        "bedrooms": 2,
        "bathrooms": 2,
        "metreage": 73.0,
        "created_at": "2022-03-16T17:24:29.143Z",
        "updated_at": "2022-03-16T17:24:29.143Z",
        "image": [15, 16, 17],
        "viewing_date": [1, 2, 3, 4],
        "viewing_time": [1, 2, 3, 4, 5, 6, 7, 8, 9, 10, 11, 12, 13]
    }
}, {
    "model": "property.property",
    "pk": 19,
    "fields": {
        "property_name": "Dorset Lane, Dublin 1",
        "slug": "dorset-lane-dublin-1",
        "propert_address": "3 Dorset Lane, Dublin 1",
        "neighborhood": 30,
        "district": 1,
        "county": 1,
        "description": "An unfurnished ground floor own door apartment on Dorset Lane in a very quiet location with plentiful parking and gardens.",
        "property_category": 2,
        "property_type": 3,
        "property_price": 750,
        "bedrooms": 1,
        "bathrooms": 1,
        "metreage": 41.0,
        "created_at": "2022-03-16T17:24:29.143Z",
        "updated_at": "2022-03-16T17:24:29.143Z",
        "image": [18, 19, 20],
        "viewing_date": [1, 2, 3, 4],
        "viewing_time": [1, 2, 3, 4, 5, 6, 7, 8, 9, 10, 11, 12, 13]
    }
}, {
    "model": "property.property",
    "pk": 20,
    "fields": {
        "property_name": "Halcam Mews, Pembroke",
        "slug": "halcam-mews-pembroke-lane-ballsbridge-dublin-4",
        "propert_address": "3 Halcam Mews, Pembroke Lane, Ballsbridge, Dublin 4",
        "neighborhood": 41,
        "district": 4,
        "county": 1,
        "description": "The house is fully furnished to the highest standard including fully fitted custom designed kitchens with quartz counter tops and top of the range white goods and appliances.",
        "property_category": 2,
        "property_type": 3,
        "property_price": 2250,
        "bedrooms": 3,
        "bathrooms": 3,
        "metreage": 98.0,
        "created_at": "2022-03-16T17:24:29.143Z",
        "updated_at": "2022-03-16T17:24:29.143Z",
        "image": [21, 22, 23],
        "viewing_date": [1, 2, 3, 4],
        "viewing_time": [1, 2, 3, 4, 5, 6, 7, 8, 9, 10, 11, 12, 13]
    }
}]